[
  {
    "energy": 2000,
    "id": "OD:treeLeaves"
  },
  {
    "energy": 320000,
    "id": "chisel:block_coal:3"
  },
  {
    "energy": 6000,
    "id": "huntingdim:frame"
  },
  {
    "energy": 640000,
    "id": "chisel:block_coal_coke:3"
  },
  {
    "energy": 6000,
    "id": "twilightforest:twilight_log"
  },
  {
    "energy": 6000,
    "id": "horsepower:chopping_block"
  },
  {
    "energy": 2000,
    "id": "minecraft:wool:6"
  },
  {
    "energy": 6000,
    "id": "horsepower:chopping_block"
  },
  {
    "energy": 6000,
    "id": "fenceoverhaul:oak_overhauledfence"
  },
  {
    "energy": 6000,
    "id": "chineseworkshop:palace_lantern"
  },
  {
    "energy": 6000,
    "id": "huntingdim:frame"
  },
  {
    "energy": 320000,
    "id": "chisel:block_coal:12"
  },
  {
    "energy": 6000,
    "id": "huntingdim:frame"
  },
  {
    "energy": 6000,
    "id": "sky_orchards:log_netherrack"
  },
  {
    "energy": 6000,
    "id": "inspirations:carpeted_trapdoor_white"
  },
  {
    "energy": 3456000,
    "id": "mysticalagriculture:coal_block:3"
  },
  {
    "energy": 6000,
    "id": "twilightforest:canopy_planks"
  },
  {
    "energy": 6000,
    "id": "chisel:planks-acacia:2"
  },
  {
    "energy": 6000,
    "id": "bibliocraft:desk:4"
  },
  {
    "energy": 6000,
    "id": "bibliocraft:mapframe:1"
  },
  {
    "energy": 32000,
    "id": "nuclearcraft:dust:8"
  },
  {
    "energy": 6000,
    "id": "chisel:bookshelf_jungle:4"
  },
  {
    "energy": 6000,
    "id": "horsepower:chopping_block"
  },
  {
    "energy": 6000,
    "id": "bibliocraft:furniturepaneler:4"
  },
  {
    "energy": 6000,
    "id": "bibliocraft:bookcase:1"
  },
  {
    "energy": 320000,
    "id": "chisel:block_coal:18"
  },
  {
    "energy": 6000,
    "id": "mekanism:reinforcedplasticblock:10"
  },
  {
    "energy": 6000,
    "id": "minecraft:acacia_fence"
  },
  {
    "energy": 640000,
    "id": "chisel:block_coal_coke:21"
  },
  {
    "energy": 6000,
    "id": "bibliocraft:mapframe:5"
  },
  {
    "energy": 6000,
    "id": "horsepower:chopper"
  },
  {
    "energy": 6000,
    "id": "chineseworkshop:thatch_roof_tile_edge_slab"
  },
  {
    "energy": 6000,
    "id": "horsepower:chopper"
  },
  {
    "energy": 6000,
    "id": "bibliocraft:case:1"
  },
  {
    "energy": 2000,
    "id": "twilightforest:twilight_sapling:9"
  },
  {
    "energy": 6000,
    "id": "minecraft:fishing_rod"
  },
  {
    "energy": 6000,
    "id": "horsepower:chopper"
  },
  {
    "energy": 2000,
    "id": "minecraft:sapling"
  },
  {
    "energy": 6000,
    "id": "rustic:painted_wood_magenta"
  },
  {
    "energy": 6000,
    "id": "bibliocraft:armorstand:3"
  },
  {
    "energy": 6000,
    "id": "bdsandm:wood_crate"
  },
  {
    "energy": 2000,
    "id": "minecraft:pumpkin_seeds"
  },
  {
    "energy": 6000,
    "id": "twilightforest:tower_wood:1"
  },
  {
    "energy": 6000,
    "id": "chisel:planks-jungle:1"
  },
  {
    "energy": 2960,
    "id": "minecraft:wooden_slab:1"
  },
  {
    "energy": 6000,
    "id": "bibliocraft:furniturepaneler:3"
  },
  {
    "energy": 320000,
    "id": "chisel:block_coal:2"
  },
  {
    "energy": 6000,
    "id": "bibliocraft:seat:3"
  },
  {
    "energy": 6000,
    "id": "twilightforest:magic_log:1"
  },
  {
    "energy": 6000,
    "id": "mekanism:glowplasticblock:5"
  },
  {
    "energy": 6000,
    "id": "bibliocraft:fancyworkbench:2"
  },
  {
    "energy": 6000,
    "id": "minecraft:fence_gate"
  },
  {
    "energy": 6000,
    "id": "bibliocraft:armorstand:6"
  },
  {
    "energy": 6000,
    "id": "bibliocraft:table:6"
  },
  {
    "energy": 6000,
    "id": "inspirations:bookshelf:1"
  },
  {
    "energy": 18432000,
    "id": "projecte:fuel_block:2"
  },
  {
    "energy": 6000,
    "id": "minecraft:banner:2"
  },
  {
    "energy": 6000,
    "id": "twilightforest:sort_gate"
  },
  {
    "energy": 6000,
    "id": "bibliocraft:bookcase"
  },
  {
    "energy": 6000,
    "id": "malisisdoors:big_door_dark_oak_3x:3"
  },
  {
    "energy": 6000,
    "id": "bibliocraft:bookcase:2"
  },
  {
    "energy": 6000,
    "id": "totemic:drum"
  },
  {
    "energy": 4000,
    "id": "inspirations:wooden_crook"
  },
  {
    "energy": 6000,
    "id": "rustic:painted_wood_orange"
  },
  {
    "energy": 6000,
    "id": "horsepower:chopper"
  },
  {
    "energy": 6000,
    "id": "malisisdoors:garage_door"
  },
  {
    "energy": 6000,
    "id": "chisel:planks-oak:3"
  },
  {
    "energy": 6000,
    "id": "chisel:planks-oak:7"
  },
  {
    "energy": 6000,
    "id": "slabmachines:tool_station_slab"
  },
  {
    "energy": 6000,
    "id": "totemic:cedar_stairs"
  },
  {
    "energy": 6000,
    "id": "mystcraft:blockinkmixer"
  },
  {
    "energy": 6000,
    "id": "supersoundmuffler:sound_muffler"
  },
  {
    "energy": 6000,
    "id": "mekanism:reinforcedplasticblock:9"
  },
  {
    "energy": 6000,
    "id": "fenceoverhaul:dark_oak_overhauledfence"
  },
  {
    "energy": 6000,
    "id": "minecraft:painting"
  },
  {
    "energy": 6000,
    "id": "chisel:bookshelf_acacia:9"
  },
  {
    "energy": 320000,
    "id": "chisel:block_coal:5"
  },
  {
    "energy": 6000,
    "id": "chisel:bookshelf_oak:6"
  },
  {
    "energy": 6000,
    "id": "minecraft:banner:14"
  },
  {
    "energy": 6000,
    "id": "inspirations:mulch:6"
  },
  {
    "energy": 6000,
    "id": "bibliocraft:shelf:1"
  },
  {
    "energy": 2000,
    "id": "twilightforest:twilight_sapling:6"
  },
  {
    "energy": 640000,
    "id": "chisel:block_coal_coke:1"
  },
  {
    "energy": 6000,
    "id": "chisel:planks-jungle:13"
  },
  {
    "energy": 6000,
    "id": "rustic:fence_olive"
  },
  {
    "energy": 6000,
    "id": "totemic:wooden_pillar_base:6"
  },
  {
    "energy": 6000,
    "id": "bibliocraft:potionshelf:2"
  },
  {
    "energy": 6000,
    "id": "minecraft:planks:5"
  },
  {
    "energy": 320000,
    "id": "chisel:block_coal:15"
  },
  {
    "energy": 6000,
    "id": "chisel:planks-jungle:4"
  },
  {
    "energy": 6000,
    "id": "bibliocraft:desk:6"
  },
  {
    "energy": 6000,
    "id": "sky_orchards:log_lead"
  },
  {
    "energy": 6000,
    "id": "bibliocraft:toolrack:6"
  },
  {
    "energy": 6000,
    "id": "mekanism:reinforcedplasticblock:4"
  },
  {
    "energy": 6000,
    "id": "bibliocraft:toolrack:1"
  },
  {
    "energy": 6000,
    "id": "bibliocraft:paintingframemiddle:5"
  },
  {
    "energy": 4000,
    "id": "malisisdoors:iron_sliding_door"
  },
  {
    "energy": 6000,
    "id": "mekanism:plasticblock:4"
  },
  {
    "energy": 6000,
    "id": "mekanism:roadplasticblock:6"
  },
  {
    "energy": 4000,
    "id": "malisisdoors:curtain_green"
  },
  {
    "energy": 6000,
    "id": "bibliocraft:paintingframefancy:5"
  },
  {
    "energy": 6000,
    "id": "huntingdim:frame"
  },
  {
    "energy": 6000,
    "id": "sky_orchards:log_aluminum"
  },
  {
    "energy": 4000,
    "id": "malisisdoors:saloon"
  },
  {
    "energy": 6000,
    "id": "bibliocraft:fancysign:3"
  },
  {
    "energy": 4000,
    "id": "malisisdoors:curtain_blue"
  },
  {
    "energy": 6000,
    "id": "bibliocraft:paintingframemiddle:1"
  },
  {
    "energy": 6000,
    "id": "rustic:log:1"
  },
  {
    "energy": 6000,
    "id": "bibliocraft:fancyworkbench:6"
  },
  {
    "energy": 6000,
    "id": "mekanism:slickplasticblock:3"
  },
  {
    "energy": 6000,
    "id": "tconstruct:tooltables:2"
  },
  {
    "energy": 6000,
    "id": "chineseworkshop:bench"
  },
  {
    "energy": 320000,
    "id": "chisel:block_charcoal:12"
  },
  {
    "energy": 6000,
    "id": "mekanism:glowplasticblock:4"
  },
  {
    "energy": 6000,
    "id": "chisel:bookshelf_spruce:8"
  },
  {
    "energy": 6000,
    "id": "chisel:bookshelf_darkoak:4"
  },
  {
    "energy": 320000,
    "id": "chisel:block_charcoal:19"
  },
  {
    "energy": 6000,
    "id": "bibliocraft:furniturepaneler:6"
  },
  {
    "energy": 6000,
    "id": "twilightforest:magic_log_core:2"
  },
  {
    "energy": 6000,
    "id": "chisel:bookshelf_spruce:3"
  },
  {
    "energy": 640000,
    "id": "chisel:block_coal_coke:16"
  },
  {
    "energy": 6000,
    "id": "twilightforest:burnt_thorns"
  },
  {
    "energy": 2000,
    "id": "minecraft:wool:7"
  },
  {
    "energy": 2000,
    "id": "twilightforest:twilight_leaves_:31"
  },
  {
    "energy": 6000,
    "id": "totemic:cedar_slab"
  },
  {
    "energy": 6000,
    "id": "chisel:bookshelf_jungle:7"
  },
  {
    "energy": 6000,
    "id": "twilightforest:mangrove_plate"
  },
  {
    "energy": 6000,
    "id": "inspirations:carpeted_trapdoor_blue"
  },
  {
    "energy": 320000,
    "id": "chisel:block_coal:11"
  },
  {
    "energy": 4000,
    "id": "minecraft:wooden_sword"
  },
  {
    "energy": 6000,
    "id": "bibliocraft:framedchest:1"
  },
  {
    "energy": 6000,
    "id": "mekanism:roadplasticblock:8"
  },
  {
    "energy": 6000,
    "id": "rustic:table_acacia"
  },
  {
    "energy": 6000,
    "id": "horsepower:chopper"
  },
  {
    "energy": 4000,
    "id": "malisisdoors:verticalhatch"
  },
  {
    "energy": 6000,
    "id": "horsepower:chopper"
  },
  {
    "energy": 64000,
    "id": "thermalfoundation:material:892"
  },
  {
    "energy": 6000,
    "id": "twilightforest:twilight_oak_plate"
  },
  {
    "energy": 6000,
    "id": "astralsorcery:blockinfusedwood:5"
  },
  {
    "energy": 6000,
    "id": "totemic:wooden_pillar:6"
  },
  {
    "energy": 2000,
    "id": "minecraft:paper"
  },
  {
    "energy": 6000,
    "id": "minecraft:spruce_fence_gate"
  },
  {
    "energy": 6000,
    "id": "malisisdoors:big_door_birch_3x:3"
  },
  {
    "energy": 2000,
    "id": "twilightforest:twilight_sapling:8"
  },
  {
    "energy": 6000,
    "id": "huntingdim:frame"
  },
  {
    "energy": 6000,
    "id": "chisel:planks-acacia:1"
  },
  {
    "energy": 2000,
    "id": "minecraft:bowl"
  },
  {
    "energy": 6000,
    "id": "bibliocraft:potionshelf:3"
  },
  {
    "energy": 6000,
    "id": "mekanism:reinforcedplasticblock:13"
  },
  {
    "energy": 6000,
    "id": "totemic:wooden_pillar:1"
  },
  {
    "energy": 6000,
    "id": "chisel:bookshelf_darkoak:5"
  },
  {
    "energy": 6000,
    "id": "tconstruct:lavawood_stairs"
  },
  {
    "energy": 6000,
    "id": "totemic:wooden_pillar:10"
  },
  {
    "energy": 6000,
    "id": "totemic:wooden_pillar_base:1"
  },
  {
    "energy": 6000,
    "id": "rustic:table_oak"
  },
  {
    "energy": 6000,
    "id": "huntingdim:frame"
  },
  {
    "energy": 6000,
    "id": "horsepower:chopper"
  },
  {
    "energy": 6000,
    "id": "bibliocraft:paintingframesimple:1"
  },
  {
    "energy": 6000,
    "id": "mekanism:glowplasticblock"
  },
  {
    "energy": 320000,
    "id": "chisel:block_coal:1"
  },
  {
    "energy": 32000,
    "id": "minecraft:coal"
  },
  {
    "energy": 320000,
    "id": "chisel:block_charcoal:7"
  },
  {
    "energy": 6000,
    "id": "minecraft:sign"
  },
  {
    "energy": 6000,
    "id": "chisel:bookshelf_oak:5"
  },
  {
    "energy": 6000,
    "id": "chineseworkshop:lithel_deco"
  },
  {
    "energy": 4000,
    "id": "malisisdoors:curtain_brown"
  },
  {
    "energy": 6000,
    "id": "chisel:planks-acacia:4"
  },
  {
    "energy": 6000,
    "id": "bibliocraft:paintingframefancy"
  },
  {
    "energy": 6000,
    "id": "horsepower:chopper"
  },
  {
    "energy": 6000,
    "id": "rustic:chair_acacia"
  },
  {
    "energy": 6000,
    "id": "bibliocraft:desk:2"
  },
  {
    "energy": 6000,
    "id": "sky_orchards:log_glowstone"
  },
  {
    "energy": 6000,
    "id": "chisel:bookshelf_darkoak:7"
  },
  {
    "energy": 6000,
    "id": "rustic:chair_spruce"
  },
  {
    "energy": 6000,
    "id": "twilightforest:tower_device:4"
  },
  {
    "energy": 6000,
    "id": "huntingdim:frame"
  },
  {
    "energy": 6000,
    "id": "rustic:cabinet"
  },
  {
    "energy": 6000,
    "id": "bibliocraft:shelf:2"
  },
  {
    "energy": 6000,
    "id": "sky_orchards:log_cottonwood"
  },
  {
    "energy": 2000,
    "id": "minecraft:wool:1"
  },
  {
    "energy": 6000,
    "id": "rustic:painted_wood_gray"
  },
  {
    "energy": 6000,
    "id": "huntingdim:frame"
  },
  {
    "energy": 128000,
    "id": "projecte:item.pe_fuel"
  },
  {
    "energy": 320000,
    "id": "chisel:block_charcoal:9"
  },
  {
    "energy": 6000,
    "id": "twilightforest:giant_log"
  },
  {
    "energy": 6000,
    "id": "tconstruct:firewood"
  },
  {
    "energy": 6000,
    "id": "sky_orchards:log_copper"
  },
  {
    "energy": 6000,
    "id": "chisel:bookshelf_acacia:1"
  },
  {
    "energy": 6000,
    "id": "totemic:wooden_pillar_base:4"
  },
  {
    "energy": 6000,
    "id": "sky_orchards:log_prosperity"
  },
  {
    "energy": 320000,
    "id": "chisel:block_charcoal:14"
  },
  {
    "energy": 6000,
    "id": "bibliocraft:label:1"
  },
  {
    "energy": 6000,
    "id": "bibliocraft:paintingframeborderless:3"
  },
  {
    "energy": 6000,
    "id": "malisisdoors:big_door_acacia_3x:3"
  },
  {
    "energy": 6000,
    "id": "tconstruct:rack"
  },
  {
    "energy": 6000,
    "id": "totemic:stripped_cedar_log"
  },
  {
    "energy": 2000,
    "id": "minecraft:sapling:3"
  },
  {
    "energy": 6000,
    "id": "chineseworkshop:fu"
  },
  {
    "energy": 6000,
    "id": "horsepower:chopping_block"
  },
  {
    "energy": 6000,
    "id": "bibliocraft:label"
  },
  {
    "energy": 6000,
    "id": "horsepower:chopper"
  },
  {
    "energy": 320000,
    "id": "chisel:block_coal:111"
  },
  {
    "energy": 6000,
    "id": "chisel:planks-oak:5"
  },
  {
    "energy": 6000,
    "id": "bibliocraft:paintingframeborderless"
  },
  {
    "energy": 6000,
    "id": "morecauldrons:oak_cauldron"
  },
  {
    "energy": 6000,
    "id": "twilightforest:canopy_gate"
  },
  {
    "energy": 6000,
    "id": "totemic:wooden_pillar:4"
  },
  {
    "energy": 6000,
    "id": "sky_orchards:log_osmium"
  },
  {
    "energy": 6000,
    "id": "bibliocraft:table:1"
  },
  {
    "energy": 6000,
    "id": "rustic:chair_birch"
  },
  {
    "energy": 6000,
    "id": "bibliocraft:framedchest:6"
  },
  {
    "energy": 2000,
    "id": "minecraft:wheat_seeds"
  },
  {
    "energy": 2000,
    "id": "minecraft:melon_seeds"
  },
  {
    "energy": 4000,
    "id": "chineseworkshop:chinese_oak_door"
  },
  {
    "energy": 6000,
    "id": "minecraft:banner:7"
  },
  {
    "energy": 6000,
    "id": "chisel:bookshelf_oak:8"
  },
  {
    "energy": 6000,
    "id": "horsepower:chopper"
  },
  {
    "energy": 6000,
    "id": "bibliocraft:mapframe:3"
  },
  {
    "energy": 6000,
    "id": "rustic:log"
  },
  {
    "energy": 6000,
    "id": "sky_orchards:log_gold"
  },
  {
    "energy": 320000,
    "id": "chisel:block_charcoal:6"
  },
  {
    "energy": 6000,
    "id": "twilightforest:thorns"
  },
  {
    "energy": 6000,
    "id": "horsepower:chopper"
  },
  {
    "energy": 6000,
    "id": "totemic:totem_pole"
  },
  {
    "energy": 6000,
    "id": "slabmachines:pattern_chest_slab"
  },
  {
    "energy": 6000,
    "id": "rustic:painted_wood_brown"
  },
  {
    "energy": 6000,
    "id": "huntingdim:frame"
  },
  {
    "energy": 6000,
    "id": "minecraft:banner:15"
  },
  {
    "energy": 6000,
    "id": "bibliocraft:fancysign:1"
  },
  {
    "energy": 320000,
    "id": "chisel:block_charcoal:11"
  },
  {
    "energy": 6000,
    "id": "huntingdim:frame"
  },
  {
    "energy": 6000,
    "id": "horsepower:chopping_block"
  },
  {
    "energy": 6000,
    "id": "horsepower:chopping_block"
  },
  {
    "energy": 6000,
    "id": "sky_orchards:log_cobalt"
  },
  {
    "energy": 6000,
    "id": "inspirations:carpeted_trapdoor_lime"
  },
  {
    "energy": 6000,
    "id": "inspirations:carpeted_trapdoor_green"
  },
  {
    "energy": 1280,
    "id": "minecraft:carpet:1"
  },
  {
    "energy": 4000,
    "id": "chineseworkshop:high_door"
  },
  {
    "energy": 6000,
    "id": "sky_orchards:log_iron"
  },
  {
    "energy": 6000,
    "id": "rustic:painted_wood_white"
  },
  {
    "energy": 2000,
    "id": "minecraft:wool"
  },
  {
    "energy": 6000,
    "id": "totemic:cedar_plank"
  },
  {
    "energy": 6000,
    "id": "huntingdim:frame"
  },
  {
    "energy": 1280,
    "id": "minecraft:carpet:5"
  },
  {
    "energy": 6000,
    "id": "chisel:bookshelf_darkoak:2"
  },
  {
    "energy": 6000,
    "id": "astralsorcery:blockinfusedwood"
  },
  {
    "energy": 6000,
    "id": "bibliocraft:table:2"
  },
  {
    "energy": 6000,
    "id": "horsepower:chopper"
  },
  {
    "energy": 6000,
    "id": "horsepower:chopper"
  },
  {
    "energy": 6000,
    "id": "malisisdoors:trapdoor_dark_oak"
  },
  {
    "energy": 6000,
    "id": "huntingdim:frame"
  },
  {
    "energy": 2000,
    "id": "minecraft:wool:11"
  },
  {
    "energy": 6000,
    "id": "bibliocraft:paintingframemiddle:6"
  },
  {
    "energy": 6000,
    "id": "chisel:bookshelf_birch:1"
  },
  {
    "energy": 6000,
    "id": "bibliocraft:paintingframeflat:6"
  },
  {
    "energy": 6000,
    "id": "totemic:wooden_pillar:3"
  },
  {
    "energy": 6000,
    "id": "tconstruct:tooltables:4"
  },
  {
    "energy": 6000,
    "id": "bibliocraft:seat:6"
  },
  {
    "energy": 6000,
    "id": "sonarcore:reinforceddirtgate"
  },
  {
    "energy": 6000,
    "id": "bibliocraft:clock:4"
  },
  {
    "energy": 6000,
    "id": "chisel:bookshelf_darkoak"
  },
  {
    "energy": 6000,
    "id": "horsepower:chopping_block"
  },
  {
    "energy": 6000,
    "id": "minecraft:banner:4"
  },
  {
    "energy": 4000,
    "id": "malisisdoors:curtain_white"
  },
  {
    "energy": 6000,
    "id": "rustic:fence_gate_olive"
  },
  {
    "energy": 6000,
    "id": "chineseworkshop:carving"
  },
  {
    "energy": 640000,
    "id": "chisel:block_coal_coke:111"
  },
  {
    "energy": 6000,
    "id": "rustic:painted_wood_lime"
  },
  {
    "energy": 6000,
    "id": "sky_orchards:log_bacon"
  },
  {
    "energy": 6000,
    "id": "chisel:bookshelf_spruce:4"
  },
  {
    "energy": 640000,
    "id": "chisel:block_coal_coke:10"
  },
  {
    "energy": 6000,
    "id": "horsepower:chopper"
  },
  {
    "energy": 6000,
    "id": "minecraft:banner:3"
  },
  {
    "energy": 6000,
    "id": "chisel:bookshelf_acacia:4"
  },
  {
    "energy": 320000,
    "id": "chisel:block_coal:15"
  },
  {
    "energy": 6000,
    "id": "twilightforest:magic_log_core:1"
  },
  {
    "energy": 6000,
    "id": "astralsorcery:blockinfusedwood:4"
  },
  {
    "energy": 6000,
    "id": "tconstruct:firewood_stairs"
  },
  {
    "energy": 6000,
    "id": "huntingdim:frame"
  },
  {
    "energy": 6000,
    "id": "bibliocraft:case:4"
  },
  {
    "energy": 6000,
    "id": "horsepower:chopping_block"
  },
  {
    "energy": 6000,
    "id": "chineseworkshop:thatch_tile_roof_slab"
  },
  {
    "energy": 6000,
    "id": "huntingdim:frame"
  },
  {
    "energy": 6000,
    "id": "bibliocraft:case:5"
  },
  {
    "energy": 6000,
    "id": "huntingdim:frame"
  },
  {
    "energy": 6000,
    "id": "minecraft:birch_boat"
  },
  {
    "energy": 6000,
    "id": "sky_orchards:log_donut"
  },
  {
    "energy": 6000,
    "id": "minecraft:birch_stairs"
  },
  {
    "energy": 6000,
    "id": "twilightforest:mangrove_stairs"
  },
  {
    "energy": 6000,
    "id": "mekanism:glowplasticblock:15"
  },
  {
    "energy": 2000,
    "id": "twilightforest:twilight_sapling:5"
  },
  {
    "energy": 6000,
    "id": "chisel:planks-jungle:6"
  },
  {
    "energy": 6000,
    "id": "horsepower:chopping_block"
  },
  {
    "energy": 2000,
    "id": "minecraft:wool:5"
  },
  {
    "energy": 6000,
    "id": "chineseworkshop:dark_green_pillar"
  },
  {
    "energy": 6000,
    "id": "chineseworkshop:thatch_roof"
  },
  {
    "energy": 6000,
    "id": "rustic:chair_big_oak"
  },
  {
    "energy": 6000,
    "id": "chisel:planks-oak:12"
  },
  {
    "energy": 6000,
    "id": "bibliocraft:paintingframeborderless:1"
  },
  {
    "energy": 640000,
    "id": "chisel:block_coal_coke:11"
  },
  {
    "energy": 2000,
    "id": "minecraft:beetroot_seeds"
  },
  {
    "energy": 6000,
    "id": "sonarcore:reinforcedstonebrickgate"
  },
  {
    "energy": 6000,
    "id": "minecraft:jukebox"
  },
  {
    "energy": 6000,
    "id": "mekanism:plasticblock:7"
  },
  {
    "energy": 320000,
    "id": "chisel:block_coal:115"
  },
  {
    "energy": 768000,
    "id": "mysticalagriculture:coal:4"
  },
  {
    "energy": 1536000,
    "id": "mysticalagradditions:insanium:5"
  },
  {
    "energy": 640000,
    "id": "chisel:block_coal_coke:113"
  },
  {
    "energy": 2000,
    "id": "minecraft:leaves:1"
  },
  {
    "energy": 6000,
    "id": "rustic:painted_wood_blue"
  },
  {
    "energy": 4000,
    "id": "chineseworkshop:door"
  },
  {
    "energy": 6000,
    "id": "mekanism:plasticblock:10"
  },
  {
    "energy": 6000,
    "id": "horsepower:chopping_block"
  },
  {
    "energy": 6000,
    "id": "minecraft:acacia_fence_gate"
  },
  {
    "energy": 6000,
    "id": "totemic:totem_pole"
  },
  {
    "energy": 6000,
    "id": "astralsorcery:blockbore"
  },
  {
    "energy": 6000,
    "id": "mekanism:glowplasticblock:10"
  },
  {
    "energy": 6000,
    "id": "bibliocraft:paintingframesimple:4"
  },
  {
    "energy": 6000,
    "id": "huntingdim:frame"
  },
  {
    "energy": 6000,
    "id": "minecraft:birch_fence_gate"
  },
  {
    "energy": 6000,
    "id": "totemic:wooden_pillar:2"
  },
  {
    "energy": 6000,
    "id": "chisel:planks-birch:9"
  },
  {
    "energy": 6000,
    "id": "horsepower:chopper"
  },
  {
    "energy": 6000,
    "id": "chineseworkshop:oak_chinese_fence"
  },
  {
    "energy": 6000,
    "id": "horsepower:chopping_block"
  },
  {
    "energy": 6000,
    "id": "chisel:planks-dark-oak"
  },
  {
    "energy": 6000,
    "id": "twilightforest:time_fence"
  },
  {
    "energy": 6000,
    "id": "mekanism:roadplasticblock:2"
  },
  {
    "energy": 6000,
    "id": "twilightforest:tower_device:2"
  },
  {
    "energy": 320000,
    "id": "chisel:block_charcoal:3"
  },
  {
    "energy": 6000,
    "id": "bibliocraft:framedchest:5"
  },
  {
    "energy": 2000,
    "id": "twilightforest:magic_leaves:3"
  },
  {
    "energy": 6000,
    "id": "tconstruct:tooltables"
  },
  {
    "energy": 6000,
    "id": "minecraft:trapdoor"
  },
  {
    "energy": 6000,
    "id": "chisel:planks-dark-oak:1"
  },
  {
    "energy": 6000,
    "id": "totemic:wooden_pillar:9"
  },
  {
    "energy": 6000,
    "id": "chisel:bookshelf_jungle"
  },
  {
    "energy": 6000,
    "id": "inspirations:mulch:1"
  },
  {
    "energy": 6000,
    "id": "totemic:wooden_pillar_base:2"
  },
  {
    "energy": 6000,
    "id": "huntingdim:frame"
  },
  {
    "energy": 320000,
    "id": "nuclearcraft:ingot_block:8"
  },
  {
    "energy": 320000,
    "id": "chisel:block_coal:113"
  },
  {
    "energy": 6000,
    "id": "bibliocraft:bookcasecreative:5"
  },
  {
    "energy": 6000,
    "id": "mekanism:reinforcedplasticblock:7"
  },
  {
    "energy": 6000,
    "id": "totemic:wooden_pillar:5"
  },
  {
    "energy": 4000,
    "id": "malisisdoors:curtain_magenta"
  },
  {
    "energy": 320000,
    "id": "chisel:block_charcoal:13"
  },
  {
    "energy": 6000,
    "id": "mekanism:slickplasticblock:14"
  },
  {
    "energy": 864000,
    "id": "mysticalagriculture:coal_block:1"
  },
  {
    "energy": 6000,
    "id": "horsepower:chopping_block"
  },
  {
    "energy": 6000,
    "id": "mekanism:plasticblock:8"
  },
  {
    "energy": 6000,
    "id": "mekanism:slickplasticblock:7"
  },
  {
    "energy": 6000,
    "id": "bibliocraft:paintingframefancy:1"
  },
  {
    "energy": 6000,
    "id": "rustic:crushing_tub"
  },
  {
    "energy": 6000,
    "id": "chisel:bookshelf_acacia:8"
  },
  {
    "energy": 6000,
    "id": "bibliocraft:paintingframemiddle:3"
  },
  {
    "energy": 6000,
    "id": "horsepower:chopping_block"
  },
  {
    "energy": 6000,
    "id": "twilightforest:root:1"
  },
  {
    "energy": 6000,
    "id": "minecraft:dark_oak_stairs"
  },
  {
    "energy": 6000,
    "id": "inspirations:carpeted_trapdoor_gray"
  },
  {
    "energy": 640000,
    "id": "chisel:block_coal_coke:8"
  },
  {
    "energy": 6000,
    "id": "minecraft:banner:5"
  },
  {
    "energy": 6000,
    "id": "chisel:planks-oak:1"
  },
  {
    "energy": 6000,
    "id": "totemic:wooden_pillar_base:12"
  },
  {
    "energy": 112000,
    "id": "projecte:item.pe_fuel:1"
  },
  {
    "energy": 6000,
    "id": "chisel:planks-oak:8"
  },
  {
    "energy": 6000,
    "id": "minecraft:planks:3"
  },
  {
    "energy": 6000,
    "id": "mekanism:reinforcedplasticblock:15"
  },
  {
    "energy": 320000,
    "id": "chisel:block_coal:17"
  },
  {
    "energy": 6000,
    "id": "chisel:planks-oak:9"
  },
  {
    "energy": 6000,
    "id": "mekanism:roadplasticblock:4"
  },
  {
    "energy": 320000,
    "id": "chisel:block_charcoal:114"
  },
  {
    "energy": 6000,
    "id": "horsepower:chopper"
  },
  {
    "energy": 2000,
    "id": "integrateddynamics:menril_leaves"
  },
  {
    "energy": 6000,
    "id": "chisel:planks-birch:2"
  },
  {
    "energy": 6000,
    "id": "bibliocraft:bookcasecreative:6"
  },
  {
    "energy": 6000,
    "id": "mekanism:glowplasticblock:13"
  },
  {
    "energy": 6000,
    "id": "horsepower:chopper"
  },
  {
    "energy": 6000,
    "id": "minecraft:planks:2"
  },
  {
    "energy": 6000,
    "id": "bibliocraft:paintingframefancy:3"
  },
  {
    "energy": 6000,
    "id": "mekanism:slickplasticblock:11"
  },
  {
    "energy": 4000,
    "id": "minecraft:wooden_pickaxe"
  },
  {
    "energy": 6000,
    "id": "rustic:table_big_oak"
  },
  {
    "energy": 6000,
    "id": "chisel:planks-dark-oak:5"
  },
  {
    "energy": 2000,
    "id": "twilightforest:dark_leaves"
  },
  {
    "energy": 6000,
    "id": "totemic:totem_pole"
  },
  {
    "energy": 2000,
    "id": "minecraft:waterlily"
  },
  {
    "energy": 6000,
    "id": "horsepower:chopping_block"
  },
  {
    "energy": 6000,
    "id": "mekanism:slickplasticblock"
  },
  {
    "energy": 6000,
    "id": "rustic:painted_wood_light_blue"
  },
  {
    "energy": 6000,
    "id": "twilightforest:mine_stairs"
  },
  {
    "energy": 1728000,
    "id": "mysticalagriculture:coal_block:2"
  },
  {
    "energy": 6000,
    "id": "bibliocraft:potionshelf:1"
  },
  {
    "energy": 6000,
    "id": "mystcraft:blockbookstand"
  },
  {
    "energy": 6000,
    "id": "chisel:bookshelf_birch:8"
  },
  {
    "energy": 6000,
    "id": "mekanism:roadplasticblock:14"
  },
  {
    "energy": 6000,
    "id": "bibliocraft:toolrack:4"
  },
  {
    "energy": 6000,
    "id": "bibliocraft:toolrack"
  },
  {
    "energy": 4000,
    "id": "malisisdoors:curtain_orange"
  },
  {
    "energy": 6000,
    "id": "bibliocraft:toolrack:2"
  },
  {
    "energy": 6000,
    "id": "horsepower:chopper"
  },
  {
    "energy": 6000,
    "id": "mekanism:plasticblock:6"
  },
  {
    "energy": 6000,
    "id": "minecraft:crafting_table"
  },
  {
    "energy": 640000,
    "id": "chisel:block_coal_coke:4"
  },
  {
    "energy": 6000,
    "id": "twilightforest:mine_plate"
  },
  {
    "energy": 2000,
    "id": "minecraft:leaves:3"
  },
  {
    "energy": 6000,
    "id": "twilightforest:canopy_plate"
  },
  {
    "energy": 6000,
    "id": "horsepower:chopper"
  },
  {
    "energy": 6000,
    "id": "bibliocraft:label:3"
  },
  {
    "energy": 6000,
    "id": "chisel:planks-birch:6"
  },
  {
    "energy": 6000,
    "id": "bibliocraft:paintingframefancy:4"
  },
  {
    "energy": 6000,
    "id": "mekanism:glowplasticblock:14"
  },
  {
    "energy": 6000,
    "id": "inspirations:mulch:3"
  },
  {
    "energy": 2000,
    "id": "rustic:leaves_apple"
  },
  {
    "energy": 6000,
    "id": "horsepower:chopper"
  },
  {
    "energy": 6000,
    "id": "chineseworkshop:wooden_window"
  },
  {
    "energy": 6000,
    "id": "chineseworkshop:oak_wall"
  },
  {
    "energy": 6000,
    "id": "inspirations:carpeted_trapdoor_magenta"
  },
  {
    "energy": 6000,
    "id": "minecraft:jungle_boat"
  },
  {
    "energy": 6000,
    "id": "huntingdim:frame"
  },
  {
    "energy": 6000,
    "id": "chisel:planks-jungle:5"
  },
  {
    "energy": 6000,
    "id": "bibliocraft:paintingframefancy:2"
  },
  {
    "energy": 2960,
    "id": "minecraft:wooden_slab:5"
  },
  {
    "energy": 4000,
    "id": "malisisdoors:curtain_lime"
  },
  {
    "energy": 6000,
    "id": "rustic:fence_gate_ironwood"
  },
  {
    "energy": 2000,
    "id": "twilightforest:twilight_leaves:3"
  },
  {
    "energy": 6000,
    "id": "astralsorcery:blockinfusedwood:3"
  },
  {
    "energy": 4000,
    "id": "malisisdoors:curtain_black"
  },
  {
    "energy": 6000,
    "id": "minecraft:log2"
  },
  {
    "energy": 6000,
    "id": "chisel:bookshelf_darkoak:3"
  },
  {
    "energy": 6000,
    "id": "torchmaster:terrain_lighter"
  },
  {
    "energy": 6000,
    "id": "mekanism:roadplasticblock:15"
  },
  {
    "energy": 6000,
    "id": "horsepower:chopper"
  },
  {
    "energy": 6000,
    "id": "morecauldrons:birch_cauldron"
  },
  {
    "energy": 4000,
    "id": "malisisdoors:jail_door"
  },
  {
    "energy": 6000,
    "id": "totemic:wooden_pillar_base:3"
  },
  {
    "energy": 6000,
    "id": "huntingdim:frame"
  },
  {
    "energy": 320000,
    "id": "chisel:block_coal:4"
  },
  {
    "energy": 6000,
    "id": "chisel:planks-oak:2"
  },
  {
    "energy": 2000,
    "id": "twilightforest:twilight_leaves:1"
  },
  {
    "energy": 6000,
    "id": "mekanism:glowplasticblock:7"
  },
  {
    "energy": 6000,
    "id": "totemic:totem_pole"
  },
  {
    "energy": 6000,
    "id": "bibliocraft:paintingframeflat:2"
  },
  {
    "energy": 6000,
    "id": "tconstruct:firewood:1"
  },
  {
    "energy": 2000,
    "id": "twilightforest:twilight_sapling:2"
  },
  {
    "energy": 6000,
    "id": "totemic:wooden_pillar_base:9"
  },
  {
    "energy": 2000,
    "id": "tconstruct:slime_sapling:1"
  },
  {
    "energy": 6000,
    "id": "huntingdim:frame"
  },
  {
    "energy": 6000,
    "id": "rustic:painted_wood_black"
  },
  {
    "energy": 6000,
    "id": "bibliocraft:mapframe:4"
  },
  {
    "energy": 6000,
    "id": "twilightforest:magic_log"
  },
  {
    "energy": 640000,
    "id": "chisel:block_coal_coke:12"
  },
  {
    "energy": 2000,
    "id": "minecraft:wool:4"
  },
  {
    "energy": 32000,
    "id": "nuclearcraft:ingot:8"
  },
  {
    "energy": 6000,
    "id": "chisel:planks-birch"
  },
  {
    "energy": 6000,
    "id": "minecraft:log"
  },
  {
    "energy": 6000,
    "id": "malisisdoors:carriage_door"
  },
  {
    "energy": 320000,
    "id": "chisel:block_charcoal:2"
  },
  {
    "energy": 4000,
    "id": "minecraft:wooden_axe"
  },
  {
    "energy": 6000,
    "id": "huntingdim:frame"
  },
  {
    "energy": 6000,
    "id": "chisel:planks-oak:4"
  },
  {
    "energy": 6000,
    "id": "horsepower:chopper"
  },
  {
    "energy": 6000,
    "id": "totemic:cedar_log"
  },
  {
    "energy": 6000,
    "id": "malisisdoors:camofencegate"
  },
  {
    "energy": 1280,
    "id": "minecraft:carpet:4"
  },
  {
    "energy": 6000,
    "id": "chisel:planks-dark-oak:13"
  },
  {
    "energy": 6000,
    "id": "bibliocraft:armorstand:2"
  },
  {
    "energy": 6000,
    "id": "bibliocraft:paintingframeborderless:4"
  },
  {
    "energy": 6000,
    "id": "twilightforest:sort_plate"
  },
  {
    "energy": 6000,
    "id": "chisel:bookshelf_oak"
  },
  {
    "energy": 6000,
    "id": "bibliocraft:shelf:5"
  },
  {
    "energy": 6000,
    "id": "inspirations:carpeted_trapdoor_yellow"
  },
  {
    "energy": 6000,
    "id": "twilightforest:magic_log_core"
  },
  {
    "energy": 6000,
    "id": "chisel:planks-acacia:14"
  },
  {
    "energy": 6000,
    "id": "twilightforest:sort_fence"
  },
  {
    "energy": 6000,
    "id": "minecraft:banner:13"
  },
  {
    "energy": 6000,
    "id": "horsepower:chopper"
  },
  {
    "energy": 6000,
    "id": "bibliocraft:paintingframesimple:3"
  },
  {
    "energy": 320000,
    "id": "chisel:block_coal"
  },
  {
    "energy": 6000,
    "id": "huntingdim:frame"
  },
  {
    "energy": 6000,
    "id": "twilightforest:twilight_log:2"
  },
  {
    "energy": 6000,
    "id": "torchmaster:mega_torch:1"
  },
  {
    "energy": 2000,
    "id": "tconstruct:slime_leaves:1"
  },
  {
    "energy": 6000,
    "id": "horsepower:chopper"
  },
  {
    "energy": 6000,
    "id": "bibliocraft:fancyworkbench:1"
  },
  {
    "energy": 6000,
    "id": "minecraft:planks:4"
  },
  {
    "energy": 6000,
    "id": "minecraft:banner:8"
  },
  {
    "energy": 4000,
    "id": "nuclearcraft:reactor_door_item"
  },
  {
    "energy": 2000,
    "id": "twilightforest:twilight_leaves:2"
  },
  {
    "energy": 6000,
    "id": "totemic:wooden_pillar_base:13"
  },
  {
    "energy": 320000,
    "id": "chisel:block_coal:10"
  },
  {
    "energy": 6000,
    "id": "minecraft:ladder"
  },
  {
    "energy": 320000,
    "id": "chisel:block_coal:11"
  },
  {
    "energy": 6000,
    "id": "mekanism:reinforcedplasticblock:12"
  },
  {
    "energy": 6000,
    "id": "malisisdoors:big_door_jungle_3x:3"
  },
  {
    "energy": 6000,
    "id": "twilightforest:tower_device:12"
  },
  {
    "energy": 6000,
    "id": "fenceoverhaul:spruce_overhauledfence"
  },
  {
    "energy": 6000,
    "id": "tconstruct:tooltables:5"
  },
  {
    "energy": 320000,
    "id": "chisel:block_charcoal:2"
  },
  {
    "energy": 6000,
    "id": "chisel:planks-jungle:2"
  },
  {
    "energy": 6000,
    "id": "chisel:planks-dark-oak:11"
  },
  {
    "energy": 320000,
    "id": "chisel:block_charcoal:1"
  },
  {
    "energy": 320000,
    "id": "chisel:block_coal:2"
  },
  {
    "energy": 6000,
    "id": "tconstruct:firewood_slab"
  },
  {
    "energy": 6000,
    "id": "rustic:chair_oak"
  },
  {
    "energy": 6000,
    "id": "bibliocraft:armorstand:1"
  },
  {
    "energy": 6000,
    "id": "bibliocraft:paintingframeflat:1"
  },
  {
    "energy": 6000,
    "id": "minecraft:jungle_stairs"
  },
  {
    "energy": 6000,
    "id": "horsepower:chopping_block"
  },
  {
    "energy": 6000,
    "id": "totemic:cedar_fence_gate"
  },
  {
    "energy": 1280,
    "id": "minecraft:carpet:6"
  },
  {
    "energy": 6000,
    "id": "twilightforest:huge_stalk"
  },
  {
    "energy": 6000,
    "id": "horsepower:chopper"
  },
  {
    "energy": 6000,
    "id": "horsepower:chopping_block"
  },
  {
    "energy": 6000,
    "id": "mekanism:plasticblock:11"
  },
  {
    "energy": 4000,
    "id": "malisisdoors:curtain_yellow"
  },
  {
    "energy": 6000,
    "id": "totemic:wooden_pillar_base:5"
  },
  {
    "energy": 6000,
    "id": "sky_orchards:log_cookie"
  },
  {
    "energy": 6000,
    "id": "horsepower:chopper"
  },
  {
    "energy": 6000,
    "id": "chisel:bookshelf_birch"
  },
  {
    "energy": 6000,
    "id": "chisel:planks-acacia:13"
  },
  {
    "energy": 6000,
    "id": "twilightforest:mine_gate"
  },
  {
    "energy": 6000,
    "id": "chisel:planks-spruce:13"
  },
  {
    "energy": 6000,
    "id": "horsepower:chopper"
  },
  {
    "energy": 6000,
    "id": "morecauldrons:jungle_cauldron"
  },
  {
    "energy": 6000,
    "id": "inspirations:carpeted_trapdoor_purple"
  },
  {
    "energy": 6000,
    "id": "bibliocraft:shelf"
  },
  {
    "energy": 6000,
    "id": "chineseworkshop:upper_door_frame"
  },
  {
    "energy": 6000,
    "id": "bibliocraft:potionshelf:5"
  },
  {
    "energy": 6000,
    "id": "bibliocraft:table:5"
  },
  {
    "energy": 6000,
    "id": "horsepower:chopper"
  },
  {
    "energy": 6000,
    "id": "horsepower:chopping_block"
  },
  {
    "energy": 320000,
    "id": "chisel:block_coal:1"
  },
  {
    "energy": 6000,
    "id": "bibliocraft:desk"
  },
  {
    "energy": 6000,
    "id": "mekanism:roadplasticblock:7"
  },
  {
    "energy": 6000,
    "id": "chisel:planks-birch:12"
  },
  {
    "energy": 6000,
    "id": "chisel:planks-acacia:9"
  },
  {
    "energy": 6000,
    "id": "sky_orchards:log_quartz"
  },
  {
    "energy": 4000,
    "id": "minecraft:wooden_shovel"
  },
  {
    "energy": 6000,
    "id": "horsepower:chopping_block"
  },
  {
    "energy": 320000,
    "id": "chisel:block_coal:19"
  },
  {
    "energy": 6000,
    "id": "inspirations:bookshelf:3"
  },
  {
    "energy": 6000,
    "id": "bibliocraft:paintingframesimple"
  },
  {
    "energy": 320000,
    "id": "chisel:block_coal:112"
  },
  {
    "energy": 2000,
    "id": "twilightforest:magic_leaves"
  },
  {
    "energy": 2000,
    "id": "minecraft:wooden_button"
  },
  {
    "energy": 2000,
    "id": "twilightforest:magic_leaves:2"
  },
  {
    "energy": 2960,
    "id": "minecraft:wooden_slab:2"
  },
  {
    "energy": 6000,
    "id": "twilightforest:root"
  },
  {
    "energy": 6000,
    "id": "rustic:olive_slab_item"
  },
  {
    "energy": 6000,
    "id": "minecraft:dark_oak_door"
  },
  {
    "energy": 320000,
    "id": "chisel:block_charcoal:12"
  },
  {
    "energy": 6000,
    "id": "minecraft:bookshelf"
  },
  {
    "energy": 6000,
    "id": "totemic:cedar_fence"
  },
  {
    "energy": 320000,
    "id": "chisel:block_charcoal"
  },
  {
    "energy": 6000,
    "id": "twilightforest:trans_plate"
  },
  {
    "energy": 2960,
    "id": "minecraft:wooden_slab:3"
  },
  {
    "energy": 6000,
    "id": "rustic:stairs_olive"
  },
  {
    "energy": 6000,
    "id": "cookingforblockheads:spice_rack"
  },
  {
    "energy": 6000,
    "id": "huntingdim:frame"
  },
  {
    "energy": 6000,
    "id": "inspirations:carpeted_trapdoor_brown"
  },
  {
    "energy": 48000,
    "id": "mysticalagriculture:coal"
  },
  {
    "energy": 6000,
    "id": "inspirations:carpeted_trapdoor_pink"
  },
  {
    "energy": 6000,
    "id": "minecraft:banner:12"
  },
  {
    "energy": 6000,
    "id": "minecraft:dark_oak_fence"
  },
  {
    "energy": 6000,
    "id": "chisel:bookshelf_acacia:5"
  },
  {
    "energy": 6000,
    "id": "bibliocraft:paintingframeflat:4"
  },
  {
    "energy": 6000,
    "id": "rustic:liquid_barrel"
  },
  {
    "energy": 6000,
    "id": "chisel:planks-spruce:14"
  },
  {
    "energy": 6000,
    "id": "minecraft:noteblock"
  },
  {
    "energy": 640000,
    "id": "chisel:block_coal_coke:1"
  },
  {
    "energy": 320000,
    "id": "tp:charcoal_block"
  },
  {
    "energy": 640000,
    "id": "chisel:block_coal_coke:19"
  },
  {
    "energy": 6000,
    "id": "bibliocraft:clock:5"
  },
  {
    "energy": 6000,
    "id": "horsepower:chopper"
  },
  {
    "energy": 6000,
    "id": "bibliocraft:toolrack:5"
  },
  {
    "energy": 6000,
    "id": "totemic:wooden_pillar_base:10"
  },
  {
    "energy": 6000,
    "id": "mekanism:glowplasticblock:8"
  },
  {
    "energy": 6000,
    "id": "horsepower:chopper"
  },
  {
    "energy": 6000,
    "id": "schematics:architect_desk"
  },
  {
    "energy": 640000,
    "id": "chisel:block_coal_coke:2"
  },
  {
    "energy": 2000,
    "id": "minecraft:wool:14"
  },
  {
    "energy": 6000,
    "id": "bibliocraft:framedchest"
  },
  {
    "energy": 6000,
    "id": "chisel:bookshelf_spruce"
  },
  {
    "energy": 6000,
    "id": "chisel:planks-birch:1"
  },
  {
    "energy": 2000,
    "id": "minecraft:wool:3"
  },
  {
    "energy": 125000,
    "id": "thermalfoundation:material:1024"
  },
  {
    "energy": 6000,
    "id": "bibliocraft:shelf:6"
  },
  {
    "energy": 6000,
    "id": "rustic:painted_wood_green"
  },
  {
    "energy": 6000,
    "id": "bibliocraft:fancysign:4"
  },
  {
    "energy": 6000,
    "id": "chisel:bookshelf_oak:4"
  },
  {
    "energy": 6000,
    "id": "mekanism:roadplasticblock:10"
  },
  {
    "energy": 6000,
    "id": "horsepower:chopping_block"
  },
  {
    "energy": 2000,
    "id": "minecraft:wool:9"
  },
  {
    "energy": 6000,
    "id": "chisel:bookshelf_acacia:3"
  },
  {
    "energy": 6000,
    "id": "chisel:planks-birch:4"
  },
  {
    "energy": 6000,
    "id": "chisel:planks-acacia:3"
  },
  {
    "energy": 6000,
    "id": "chineseworkshop:paper_window"
  },
  {
    "energy": 6000,
    "id": "totemic:wooden_pillar:7"
  },
  {
    "energy": 2000,
    "id": "minecraft:wool:12"
  },
  {
    "energy": 6000,
    "id": "minecraft:banner:11"
  },
  {
    "energy": 2000,
    "id": "rustic:leaves:1"
  },
  {
    "energy": 640000,
    "id": "chisel:block_coal_coke:7"
  },
  {
    "energy": 6000,
    "id": "torchmaster:feral_flare_lantern"
  },
  {
    "energy": 6000,
    "id": "chisel:planks-jungle:7"
  },
  {
    "energy": 6000,
    "id": "minecraft:wooden_pressure_plate"
  },
  {
    "energy": 6000,
    "id": "mekanism:reinforcedplasticblock:8"
  },
  {
    "energy": 1280,
    "id": "minecraft:carpet:7"
  },
  {
    "energy": 6000,
    "id": "chisel:bookshelf_spruce:9"
  },
  {
    "energy": 320000,
    "id": "chisel:block_charcoal:8"
  },
  {
    "energy": 6000,
    "id": "horsepower:chopper"
  },
  {
    "energy": 6000,
    "id": "chineseworkshop:thatch_tile_ridge_roof_edge_top"
  },
  {
    "energy": 6000,
    "id": "mekanism:plasticblock:9"
  },
  {
    "energy": 6000,
    "id": "bibliocraft:seat:2"
  },
  {
    "energy": 6000,
    "id": "minecraft:planks"
  },
  {
    "energy": 6000,
    "id": "huntingdim:frame"
  },
  {
    "energy": 6000,
    "id": "horsepower:chopping_block"
  },
  {
    "energy": 6000,
    "id": "horsepower:chopper"
  },
  {
    "energy": 6000,
    "id": "twilightforest:tower_device:9"
  },
  {
    "energy": 1280,
    "id": "minecraft:carpet:14"
  },
  {
    "energy": 6000,
    "id": "rustic:fence_ironwood"
  },
  {
    "energy": 6000,
    "id": "minecraft:dark_oak_boat"
  },
  {
    "energy": 6000,
    "id": "horsepower:chopping_block"
  },
  {
    "energy": 6000,
    "id": "slabmachines:stencil_table_slab"
  },
  {
    "energy": 6000,
    "id": "chineseworkshop:thatch_tile_ridge_roof"
  },
  {
    "energy": 6000,
    "id": "mekanism:slickplasticblock:8"
  },
  {
    "energy": 2000,
    "id": "minecraft:leaves:2"
  },
  {
    "energy": 6000,
    "id": "chisel:bookshelf_birch:6"
  },
  {
    "energy": 2000,
    "id": "twilightforest:twilight_sapling"
  },
  {
    "energy": 6000,
    "id": "mekanism:roadplasticblock"
  },
  {
    "energy": 6000,
    "id": "inspirations:mulch:5"
  },
  {
    "energy": 6000,
    "id": "mekanism:slickplasticblock:15"
  },
  {
    "energy": 6000,
    "id": "sky_orchards:log_emerald"
  },
  {
    "energy": 6000,
    "id": "chisel:bookshelf_jungle:5"
  },
  {
    "energy": 2000,
    "id": "minecraft:tallgrass:2"
  },
  {
    "energy": 6000,
    "id": "chisel:planks-dark-oak:4"
  },
  {
    "energy": 6000,
    "id": "chisel:planks-spruce:1"
  },
  {
    "energy": 6000,
    "id": "integrateddynamics:menril_planks_stairs"
  },
  {
    "energy": 6000,
    "id": "mekanism:slickplasticblock:4"
  },
  {
    "energy": 6000,
    "id": "chisel:bookshelf_acacia:2"
  },
  {
    "energy": 6000,
    "id": "chisel:planks-jungle:14"
  },
  {
    "energy": 448000,
    "id": "projecte:item.pe_fuel:2"
  },
  {
    "energy": 2960,
    "id": "minecraft:wooden_slab:4"
  },
  {
    "energy": 4000,
    "id": "malisisdoors:curtain_red"
  },
  {
    "energy": 6000,
    "id": "mekanism:roadplasticblock:1"
  },
  {
    "energy": 6000,
    "id": "rustic:barrel"
  },
  {
    "energy": 2000,
    "id": "rustic:sapling:1"
  },
  {
    "energy": 320000,
    "id": "chisel:block_charcoal:14"
  },
  {
    "energy": 640000,
    "id": "chisel:block_coal_coke:6"
  },
  {
    "energy": 6000,
    "id": "malisisdoors:trapdoor_birch"
  },
  {
    "energy": 6000,
    "id": "bibliocraft:paintingframeflat"
  },
  {
    "energy": 6000,
    "id": "bibliocraft:armorstand:5"
  },
  {
    "energy": 6000,
    "id": "horsepower:chopper"
  },
  {
    "energy": 6000,
    "id": "chisel:planks-jungle:9"
  },
  {
    "energy": 6000,
    "id": "chisel:planks-oak:13"
  },
  {
    "energy": 4000,
    "id": "pickletweaks:wooden_paxel"
  },
  {
    "energy": 6000,
    "id": "bibliocraft:fancyworkbench:5"
  },
  {
    "energy": 6000,
    "id": "morecauldrons:spruce_cauldron"
  },
  {
    "energy": 2000,
    "id": "twilightforest:twilight_sapling:7"
  },
  {
    "energy": 6000,
    "id": "inspirations:mulch:7"
  },
  {
    "energy": 6000,
    "id": "fenceoverhaul:birch_overhauledfence"
  },
  {
    "energy": 6000,
    "id": "integrateddynamics:drying_basin"
  },
  {
    "energy": 6000,
    "id": "rustic:planks:1"
  },
  {
    "energy": 6000,
    "id": "cookingforblockheads:fruit_basket"
  },
  {
    "energy": 6000,
    "id": "bibliocraft:paintingframesimple:5"
  },
  {
    "energy": 6000,
    "id": "huntingdim:frame"
  },
  {
    "energy": 6000,
    "id": "integrateddynamics:menril_planks"
  },
  {
    "energy": 6000,
    "id": "rustic:brewing_barrel"
  },
  {
    "energy": 6000,
    "id": "chisel:bookshelf_birch:9"
  },
  {
    "energy": 6000,
    "id": "mekanism:slickplasticblock:5"
  },
  {
    "energy": 6000,
    "id": "twilightforest:tower_device:6"
  },
  {
    "energy": 6000,
    "id": "mekanism:slickplasticblock:13"
  },
  {
    "energy": 6000,
    "id": "totemic:totem_pole"
  },
  {
    "energy": 6000,
    "id": "bibliocraft:desk:5"
  },
  {
    "energy": 640000,
    "id": "chisel:block_coal_coke:14"
  },
  {
    "energy": 6000,
    "id": "horsepower:chopping_block"
  },
  {
    "energy": 6000,
    "id": "bibliocraft:table"
  },
  {
    "energy": 6000,
    "id": "huntingdim:frame"
  },
  {
    "energy": 2000,
    "id": "minecraft:deadbush"
  },
  {
    "energy": 6000,
    "id": "cookingforblockheads:tool_rack"
  },
  {
    "energy": 6000,
    "id": "totemic:totem_pole"
  },
  {
    "energy": 6000,
    "id": "chisel:planks-spruce:12"
  },
  {
    "energy": 6000,
    "id": "huntingdim:frame"
  },
  {
    "energy": 6000,
    "id": "bibliocraft:clock:2"
  },
  {
    "energy": 6000,
    "id": "horsepower:chopper"
  },
  {
    "energy": 6000,
    "id": "slabmachines:trapped_chest_slab"
  },
  {
    "energy": 6000,
    "id": "horsepower:chopping_block"
  },
  {
    "energy": 6000,
    "id": "bibliocraft:bookcasecreative:3"
  },
  {
    "energy": 6000,
    "id": "bibliocraft:furniturepaneler:5"
  },
  {
    "energy": 6000,
    "id": "chisel:planks-jungle:3"
  },
  {
    "energy": 6000,
    "id": "bibliocraft:label:6"
  },
  {
    "energy": 320000,
    "id": "chisel:block_coal:21"
  },
  {
    "energy": 6000,
    "id": "totemic:wooden_pillar:8"
  },
  {
    "energy": 6000,
    "id": "sky_orchards:log_silver"
  },
  {
    "energy": 6000,
    "id": "chisel:planks-oak"
  },
  {
    "energy": 6000,
    "id": "horsepower:chopping_block"
  },
  {
    "energy": 6000,
    "id": "chisel:planks-birch:3"
  },
  {
    "energy": 6000,
    "id": "slabmachines:workbench_slab"
  },
  {
    "energy": 2000,
    "id": "minecraft:sapling:1"
  },
  {
    "energy": 6000,
    "id": "mekanism:reinforcedplasticblock:3"
  },
  {
    "energy": 6000,
    "id": "bibliocraft:bookcase:3"
  },
  {
    "energy": 6000,
    "id": "twilightforest:cinder_furnace"
  },
  {
    "energy": 2000,
    "id": "tconstruct:slime_leaves:2"
  },
  {
    "energy": 6000,
    "id": "mekanism:glowplasticblock:1"
  },
  {
    "energy": 640000,
    "id": "chisel:block_coal_coke:13"
  },
  {
    "energy": 6000,
    "id": "farmingforblockheads:feeding_trough"
  },
  {
    "energy": 6000,
    "id": "rustic:chair_ironwood"
  },
  {
    "energy": 640000,
    "id": "chisel:block_coal_coke:17"
  },
  {
    "energy": 6000,
    "id": "chisel:planks-dark-oak:14"
  },
  {
    "energy": 1280,
    "id": "minecraft:carpet:15"
  },
  {
    "energy": 384000,
    "id": "mysticalagriculture:coal:3"
  },
  {
    "energy": 6000,
    "id": "mekanism:glowplasticblock:3"
  },
  {
    "energy": 2000,
    "id": "minecraft:wool:8"
  },
  {
    "energy": 64000,
    "id": "thermalfoundation:material:802"
  },
  {
    "energy": 6000,
    "id": "huntingdim:frame"
  },
  {
    "energy": 6000,
    "id": "inspirations:carpeted_trapdoor_silver"
  },
  {
    "energy": 2000,
    "id": "minecraft:wool:15"
  },
  {
    "energy": 4000,
    "id": "malisisdoors:factory_door"
  },
  {
    "energy": 6000,
    "id": "chisel:planks-jungle:10"
  },
  {
    "energy": 6000,
    "id": "huntingdim:frame"
  },
  {
    "energy": 640000,
    "id": "thermalfoundation:storage_resource:1"
  },
  {
    "energy": 320000,
    "id": "chisel:block_coal:114"
  },
  {
    "energy": 320000,
    "id": "chisel:block_charcoal:15"
  },
  {
    "energy": 6000,
    "id": "minecraft:birch_door"
  },
  {
    "energy": 6000,
    "id": "chisel:planks-spruce:5"
  },
  {
    "energy": 6000,
    "id": "rustic:painted_wood_yellow"
  },
  {
    "energy": 6000,
    "id": "bibliocraft:label:5"
  },
  {
    "energy": 6000,
    "id": "bibliocraft:toolrack:3"
  },
  {
    "energy": 6000,
    "id": "cyclicmagic:block_library_ctrl"
  },
  {
    "energy": 6000,
    "id": "bibliocraft:label:2"
  },
  {
    "energy": 32000,
    "id": "minecraft:coal:1"
  },
  {
    "energy": 6000,
    "id": "mekanism:glowplasticblock:2"
  },
  {
    "energy": 6000,
    "id": "twilightforest:thorns:1"
  },
  {
    "energy": 6000,
    "id": "chisel:bookshelf_oak:9"
  },
  {
    "energy": 6000,
    "id": "enderutilities:floor"
  },
  {
    "energy": 6000,
    "id": "bibliocraft:mapframe:2"
  },
  {
    "energy": 4000,
    "id": "chineseworkshop:wooden_window_door"
  },
  {
    "energy": 6000,
    "id": "inspirations:mulch"
  },
  {
    "energy": 6000,
    "id": "horsepower:chopping_block"
  },
  {
    "energy": 6000,
    "id": "chisel:bookshelf_spruce:5"
  },
  {
    "energy": 320000,
    "id": "chisel:block_coal:6"
  },
  {
    "energy": 6000,
    "id": "twilightforest:magic_log:3"
  },
  {
    "energy": 320000,
    "id": "chisel:block_coal:12"
  },
  {
    "energy": 6000,
    "id": "chisel:planks-dark-oak:12"
  },
  {
    "energy": 6000,
    "id": "twilightforest:dark_plate"
  },
  {
    "energy": 6000,
    "id": "mekanism:plasticblock:13"
  },
  {
    "energy": 6000,
    "id": "bibliocraft:bookcase:5"
  },
  {
    "energy": 6000,
    "id": "minecraft:banner:10"
  },
  {
    "energy": 6000,
    "id": "totemic:wooden_pillar"
  },
  {
    "energy": 6000,
    "id": "chisel:planks-acacia:7"
  },
  {
    "energy": 6000,
    "id": "horsepower:chopper"
  },
  {
    "energy": 6000,
    "id": "chisel:bookshelf_darkoak:1"
  },
  {
    "energy": 288000,
    "id": "mekanism:basicblock:3"
  },
  {
    "energy": 2000,
    "id": "rustic:sapling_apple"
  },
  {
    "energy": 6000,
    "id": "horsepower:chopping_block"
  },
  {
    "energy": 6000,
    "id": "chineseworkshop:thatch_tile_roof_slab_top"
  },
  {
    "energy": 6000,
    "id": "sky_orchards:log_sand"
  },
  {
    "energy": 6000,
    "id": "mekanism:plasticblock:3"
  },
  {
    "energy": 6000,
    "id": "bibliocraft:potionshelf"
  },
  {
    "energy": 6000,
    "id": "huntingdim:frame"
  },
  {
    "energy": 6000,
    "id": "twilightforest:tower_device:10"
  },
  {
    "energy": 6000,
    "id": "bibliocraft:seat"
  },
  {
    "energy": 6000,
    "id": "rustic:table_spruce"
  },
  {
    "energy": 6000,
    "id": "twilightforest:mangrove_gate"
  },
  {
    "energy": 6000,
    "id": "mekanism:plasticblock:15"
  },
  {
    "energy": 6000,
    "id": "mystcraft:blocklectern"
  },
  {
    "energy": 320000,
    "id": "thermalfoundation:storage_resource"
  },
  {
    "energy": 6000,
    "id": "mekanism:reinforcedplasticblock"
  },
  {
    "energy": 6000,
    "id": "totemic:totem_pole"
  },
  {
    "energy": 6000,
    "id": "bibliocraft:paintingframesimple:6"
  },
  {
    "energy": 6000,
    "id": "minecraft:jungle_fence_gate"
  },
  {
    "energy": 6000,
    "id": "mekanism:roadplasticblock:3"
  },
  {
    "energy": 6000,
    "id": "horsepower:chopper"
  },
  {
    "energy": 6000,
    "id": "minecraft:log:3"
  },
  {
    "energy": 16000,
    "id": "thermalfoundation:material:832"
  },
  {
    "energy": 6000,
    "id": "bibliocraft:mapframe"
  },
  {
    "energy": 6000,
    "id": "bibliocraft:furniturepaneler"
  },
  {
    "energy": 6000,
    "id": "mekanism:plasticblock:1"
  },
  {
    "energy": 6000,
    "id": "huntingdim:frame"
  },
  {
    "energy": 6000,
    "id": "bibliocraft:armorstand"
  },
  {
    "energy": 6000,
    "id": "mekanism:reinforcedplasticblock:2"
  },
  {
    "energy": 6000,
    "id": "minecraft:log2:1"
  },
  {
    "energy": 6000,
    "id": "inspirations:carpeted_trapdoor_light_blue"
  },
  {
    "energy": 6000,
    "id": "inspirations:carpeted_trapdoor_black"
  },
  {
    "energy": 6000,
    "id": "rustic:table_olive"
  },
  {
    "energy": 6000,
    "id": "twilightforest:trans_fence"
  },
  {
    "energy": 320000,
    "id": "chisel:block_coal:14"
  },
  {
    "energy": 320000,
    "id": "chisel:block_charcoal:16"
  },
  {
    "energy": 6000,
    "id": "bibliocraft:framedchest:4"
  },
  {
    "energy": 6000,
    "id": "bibliocraft:fancysign:5"
  },
  {
    "energy": 2000,
    "id": "twilightforest:twilight_sapling:3"
  },
  {
    "energy": 6000,
    "id": "twilightforest:time_gate"
  },
  {
    "energy": 6000,
    "id": "mekanism:glowplasticblock:6"
  },
  {
    "energy": 6000,
    "id": "sonarcore:reinforcedstonegate"
  },
  {
    "energy": 6000,
    "id": "mekanism:plasticblock:5"
  },
  {
    "energy": 6000,
    "id": "malisisdoors:medieval_door"
  },
  {
    "energy": 6000,
    "id": "chineseworkshop:thatch_tile_ridge_roof_edge"
  },
  {
    "energy": 48000,
    "id": "minecraft:blaze_rod"
  },
  {
    "energy": 6000,
    "id": "chineseworkshop:red_lantern"
  },
  {
    "energy": 2000,
    "id": "minecraft:leaves"
  },
  {
    "energy": 320000,
    "id": "chisel:block_coal:14"
  },
  {
    "energy": 6000,
    "id": "fenceoverhaul:acacia_overhauledfence"
  },
  {
    "energy": 6000,
    "id": "chineseworkshop:thatch_roof_tile_edge:1"
  },
  {
    "energy": 6000,
    "id": "chisel:bookshelf_oak:3"
  },
  {
    "energy": 6000,
    "id": "bibliocraft:framedchest:3"
  },
  {
    "energy": 32000,
    "id": "nuclearcraft:gem_dust:7"
  },
  {
    "energy": 320000,
    "id": "chisel:block_charcoal:115"
  },
  {
    "energy": 640000,
    "id": "chisel:block_coal_coke:15"
  },
  {
    "energy": 6000,
    "id": "chineseworkshop:red_pillar"
  },
  {
    "energy": 1280,
    "id": "minecraft:carpet:3"
  },
  {
    "energy": 320000,
    "id": "chisel:block_coal:13"
  },
  {
    "energy": 6000,
    "id": "horsepower:chopper"
  },
  {
    "energy": 6000,
    "id": "minecraft:bow"
  },
  {
    "energy": 6000,
    "id": "chisel:planks-jungle"
  },
  {
    "energy": 6000,
    "id": "chisel:bookshelf_darkoak:6"
  },
  {
    "energy": 6000,
    "id": "rustic:painted_wood_red"
  },
  {
    "energy": 6000,
    "id": "chisel:bookshelf_oak:2"
  },
  {
    "energy": 320000,
    "id": "chisel:block_charcoal:5"
  },
  {
    "energy": 2000,
    "id": "minecraft:sapling:4"
  },
  {
    "energy": 6000,
    "id": "chisel:bookshelf_oak:1"
  },
  {
    "energy": 6000,
    "id": "bibliocraft:table:3"
  },
  {
    "energy": 6000,
    "id": "bibliocraft:paintingframeborderless:5"
  },
  {
    "energy": 6000,
    "id": "horsepower:press"
  },
  {
    "energy": 2000,
    "id": "tconstruct:slime_sapling:2"
  },
  {
    "energy": 6000,
    "id": "chisel:planks-spruce:8"
  },
  {
    "energy": 6000,
    "id": "bibliocraft:fancysign:2"
  },
  {
    "energy": 6000,
    "id": "twilightforest:time_plate"
  },
  {
    "energy": 6000,
    "id": "chineseworkshop:wooden_threshold"
  },
  {
    "energy": 6000,
    "id": "huntingdim:frame"
  },
  {
    "energy": 640000,
    "id": "chisel:block_coal_coke:112"
  },
  {
    "energy": 6000,
    "id": "totemic:wooden_pillar_base"
  },
  {
    "energy": 6000,
    "id": "horsepower:chopping_block"
  },
  {
    "energy": 6000,
    "id": "inspirations:carpeted_trapdoor_cyan"
  },
  {
    "energy": 6000,
    "id": "mekanism:roadplasticblock:12"
  },
  {
    "energy": 4000,
    "id": "tp:wooden_spear"
  },
  {
    "energy": 6000,
    "id": "inspirations:bookshelf"
  },
  {
    "energy": 6000,
    "id": "twilightforest:uncrafting_table"
  },
  {
    "energy": 320000,
    "id": "chisel:block_charcoal:13"
  },
  {
    "energy": 640000,
    "id": "chisel:block_coal_coke:12"
  },
  {
    "energy": 6000,
    "id": "chisel:bookshelf_oak:7"
  },
  {
    "energy": 6000,
    "id": "minecraft:birch_fence"
  },
  {
    "energy": 6000,
    "id": "totemic:totem_pole"
  },
  {
    "energy": 2000,
    "id": "rustic:leaves"
  },
  {
    "energy": 6000,
    "id": "bibliocraft:fancysign:6"
  },
  {
    "energy": 6000,
    "id": "minecraft:acacia_stairs"
  },
  {
    "energy": 6000,
    "id": "slabmachines:note_slab"
  },
  {
    "energy": 6000,
    "id": "totemic:wooden_pillar_base:11"
  },
  {
    "energy": 2000,
    "id": "twilightforest:twilight_sapling:4"
  },
  {
    "energy": 6000,
    "id": "chisel:planks-spruce:4"
  },
  {
    "energy": 6000,
    "id": "bibliocraft:seat:5"
  },
  {
    "energy": 6000,
    "id": "horsepower:chopping_block"
  },
  {
    "energy": 6000,
    "id": "tconstruct:tooltables:3"
  },
  {
    "energy": 6000,
    "id": "minecraft:planks:1"
  },
  {
    "energy": 6000,
    "id": "chisel:bookshelf_spruce:7"
  },
  {
    "energy": 6000,
    "id": "chisel:bookshelf_birch:3"
  },
  {
    "energy": 4000,
    "id": "pickletweaks:coal_piece"
  },
  {
    "energy": 6000,
    "id": "bibliocraft:paintingframeborderless:6"
  },
  {
    "energy": 6000,
    "id": "horsepower:chopping_block"
  },
  {
    "energy": 6000,
    "id": "morecauldrons:acacia_cauldron"
  },
  {
    "energy": 6000,
    "id": "rustic:planks"
  },
  {
    "energy": 6000,
    "id": "horsepower:chopping_block"
  },
  {
    "energy": 6000,
    "id": "totemic:totem_pole"
  },
  {
    "energy": 2000,
    "id": "minecraft:wool:2"
  },
  {
    "energy": 6000,
    "id": "inspirations:mulch:4"
  },
  {
    "energy": 6000,
    "id": "mekanism:reinforcedplasticblock:6"
  },
  {
    "energy": 6000,
    "id": "mekanism:plasticblock:2"
  },
  {
    "energy": 320000,
    "id": "chisel:block_coal:9"
  },
  {
    "energy": 1608000,
    "id": "projecte:fuel_block:1"
  },
  {
    "energy": 2000,
    "id": "rustic:sapling"
  },
  {
    "energy": 6000,
    "id": "minecraft:log:1"
  },
  {
    "energy": 6000,
    "id": "twilightforest:dark_fence"
  },
  {
    "energy": 6000,
    "id": "mekanism:roadplasticblock:9"
  },
  {
    "energy": 6000,
    "id": "morecauldrons:big_oak_cauldron"
  },
  {
    "energy": 4000,
    "id": "malisisdoors:laboratory_door"
  },
  {
    "energy": 320000,
    "id": "minecraft:coal_block"
  },
  {
    "energy": 6000,
    "id": "twilightforest:twilight_oak_stairs"
  },
  {
    "energy": 6000,
    "id": "minecraft:spruce_door"
  },
  {
    "energy": 6000,
    "id": "huntingdim:frame"
  },
  {
    "energy": 6000,
    "id": "huntingdim:frame"
  },
  {
    "energy": 96000,
    "id": "mysticalagriculture:coal:1"
  },
  {
    "energy": 6000,
    "id": "bibliocraft:clock"
  },
  {
    "energy": 6000,
    "id": "totemic:wooden_pillar_base:8"
  },
  {
    "energy": 2000,
    "id": "minecraft:sapling:2"
  },
  {
    "energy": 6000,
    "id": "minecraft:spruce_fence"
  },
  {
    "energy": 6000,
    "id": "bibliocraft:desk:3"
  },
  {
    "energy": 6000,
    "id": "bibliocraft:case:3"
  },
  {
    "energy": 6000,
    "id": "minecraft:chest"
  },
  {
    "energy": 640000,
    "id": "chisel:block_coal_coke:110"
  },
  {
    "energy": 6000,
    "id": "chisel:planks-acacia:10"
  },
  {
    "energy": 6000,
    "id": "horsepower:chopper"
  },
  {
    "energy": 6000,
    "id": "rustic:painted_wood_cyan"
  },
  {
    "energy": 6000,
    "id": "chineseworkshop:table"
  },
  {
    "energy": 6000,
    "id": "mekanism:slickplasticblock:9"
  },
  {
    "energy": 6000,
    "id": "twilightforest:magic_log:2"
  },
  {
    "energy": 6000,
    "id": "twilightforest:canopy_fence"
  },
  {
    "energy": 2000,
    "id": "minecraft:wool:13"
  },
  {
    "energy": 6000,
    "id": "horsepower:chopping_block"
  },
  {
    "energy": 6000,
    "id": "bibliocraft:bookcase:6"
  },
  {
    "energy": 2000,
    "id": "minecraft:leaves:21"
  },
  {
    "energy": 6000,
    "id": "chisel:bookshelf_jungle:1"
  },
  {
    "energy": 6000,
    "id": "bibliocraft:table:4"
  },
  {
    "energy": 6000,
    "id": "totemic:totem_pole"
  },
  {
    "energy": 6000,
    "id": "twilightforest:tower_wood"
  },
  {
    "energy": 6000,
    "id": "rustic:table_birch"
  },
  {
    "energy": 320000,
    "id": "chisel:block_coal:13"
  },
  {
    "energy": 6000,
    "id": "totemic:totem_base"
  },
  {
    "energy": 6000,
    "id": "bibliocraft:furniturepaneler:2"
  },
  {
    "energy": 6000,
    "id": "chisel:planks-birch:14"
  },
  {
    "energy": 6000,
    "id": "horsepower:chopping_block"
  },
  {
    "energy": 6000,
    "id": "horsepower:chopping_block"
  },
  {
    "energy": 6000,
    "id": "chisel:planks-spruce:2"
  },
  {
    "energy": 6000,
    "id": "chisel:bookshelf_spruce:1"
  },
  {
    "energy": 6000,
    "id": "horsepower:chopping_block"
  },
  {
    "energy": 6000,
    "id": "huntingdim:frame"
  },
  {
    "energy": 320000,
    "id": "chisel:block_charcoal:112"
  },
  {
    "energy": 6000,
    "id": "rustic:chair_olive"
  },
  {
    "energy": 6000,
    "id": "bibliocraft:shelf:3"
  },
  {
    "energy": 6000,
    "id": "rustic:apiary"
  },
  {
    "energy": 4000,
    "id": "malisisdoors:curtain_silver"
  },
  {
    "energy": 6000,
    "id": "bibliocraft:paintingframemiddle"
  },
  {
    "energy": 6000,
    "id": "farmingforblockheads:market"
  },
  {
    "energy": 6000,
    "id": "horsepower:chopping_block"
  },
  {
    "energy": 1280,
    "id": "minecraft:carpet:9"
  },
  {
    "energy": 6000,
    "id": "chisel:bookshelf_spruce:6"
  },
  {
    "energy": 6000,
    "id": "bibliocraft:seat:1"
  },
  {
    "energy": 6000,
    "id": "huntingdim:frame"
  },
  {
    "energy": 6000,
    "id": "integrateddynamics:menril_log_filled"
  },
  {
    "energy": 6000,
    "id": "minecraft:oak_stairs"
  },
  {
    "energy": 4000,
    "id": "malisisdoors:curtain_gray"
  },
  {
    "energy": 6000,
    "id": "mekanism:slickplasticblock:1"
  },
  {
    "energy": 6000,
    "id": "chisel:planks-dark-oak:8"
  },
  {
    "energy": 6000,
    "id": "mekanism:reinforcedplasticblock:14"
  },
  {
    "energy": 6000,
    "id": "rustic:stairs_ironwood"
  },
  {
    "energy": 6000,
    "id": "chisel:planks-dark-oak:10"
  },
  {
    "energy": 6000,
    "id": "minecraft:dark_oak_fence_gate"
  },
  {
    "energy": 4000,
    "id": "malisisdoors:wood_sliding_door"
  },
  {
    "energy": 6000,
    "id": "astralsorcery:blockinfusedwood:2"
  },
  {
    "energy": 320000,
    "id": "chisel:block_charcoal:10"
  },
  {
    "energy": 6000,
    "id": "tconstruct:rack:1"
  },
  {
    "energy": 6000,
    "id": "chisel:planks-oak:14"
  },
  {
    "energy": 6000,
    "id": "bibliocraft:bookcasecreative:4"
  },
  {
    "energy": 6000,
    "id": "bibliocraft:clock:1"
  },
  {
    "energy": 6000,
    "id": "huntingdim:frame"
  },
  {
    "energy": 6000,
    "id": "sky_orchards:log_dirt"
  },
  {
    "energy": 6000,
    "id": "bibliocraft:furniturepaneler:1"
  },
  {
    "energy": 2000,
    "id": "minecraft:sapling:5"
  },
  {
    "energy": 6000,
    "id": "mekanism:reinforcedplasticblock:11"
  },
  {
    "energy": 6000,
    "id": "horsepower:chopper"
  },
  {
    "energy": 6000,
    "id": "sky_orchards:log_tin"
  },
  {
    "energy": 6000,
    "id": "bibliocraft:desk:1"
  },
  {
    "energy": 6000,
    "id": "chineseworkshop:candle"
  },
  {
    "energy": 6000,
    "id": "chisel:planks-acacia"
  },
  {
    "energy": 6000,
    "id": "chisel:planks-birch:11"
  },
  {
    "energy": 6000,
    "id": "bibliocraft:framedchest:2"
  },
  {
    "energy": 6000,
    "id": "horsepower:chopping_block"
  },
  {
    "energy": 6000,
    "id": "chisel:planks-jungle:8"
  },
  {
    "energy": 6000,
    "id": "integrateddynamics:menril_log"
  },
  {
    "energy": 2000,
    "id": "tconstruct:slime_leaves"
  },
  {
    "energy": 6000,
    "id": "chisel:planks-oak:11"
  },
  {
    "energy": 6000,
    "id": "chisel:planks-oak:6"
  },
  {
    "energy": 6000,
    "id": "twilightforest:cinder_log"
  },
  {
    "energy": 6000,
    "id": "mekanism:slickplasticblock:10"
  },
  {
    "energy": 6000,
    "id": "totemic:wooden_pillar_base:7"
  },
  {
    "energy": 6000,
    "id": "chisel:bookshelf_spruce:2"
  },
  {
    "energy": 320000,
    "id": "chisel:block_coal:16"
  },
  {
    "energy": 6000,
    "id": "twilightforest:magic_log_core:3"
  },
  {
    "energy": 6000,
    "id": "twilightforest:twilight_oak_gate"
  },
  {
    "energy": 6000,
    "id": "sky_orchards:log_redstone"
  },
  {
    "energy": 6000,
    "id": "twilightforest:sort_stairs"
  },
  {
    "energy": 320000,
    "id": "chisel:block_coal:8"
  },
  {
    "energy": 6000,
    "id": "huntingdim:frame"
  },
  {
    "energy": 6000,
    "id": "bibliocraft:paintingframemiddle:4"
  },
  {
    "energy": 6000,
    "id": "twilightforest:canopy_stairs"
  },
  {
    "energy": 6000,
    "id": "bibliocraft:shelf:4"
  },
  {
    "energy": 6000,
    "id": "huntingdim:frame"
  },
  {
    "energy": 1280,
    "id": "minecraft:carpet:11"
  },
  {
    "energy": 1280,
    "id": "minecraft:carpet:13"
  },
  {
    "energy": 6000,
    "id": "chisel:planks-spruce:3"
  },
  {
    "energy": 6000,
    "id": "twilightforest:tower_device"
  },
  {
    "energy": 320000,
    "id": "chisel:block_charcoal:15"
  },
  {
    "energy": 6000,
    "id": "chisel:bookshelf_birch:2"
  },
  {
    "energy": 6000,
    "id": "horsepower:chopping_block"
  },
  {
    "energy": 6000,
    "id": "twilightforest:dark_gate"
  },
  {
    "energy": 6000,
    "id": "minecraft:log:2"
  },
  {
    "energy": 6000,
    "id": "mekanism:roadplasticblock:5"
  },
  {
    "energy": 640000,
    "id": "chisel:block_coal_coke:15"
  },
  {
    "energy": 6000,
    "id": "chisel:bookshelf_birch:5"
  },
  {
    "energy": 6000,
    "id": "horsepower:chopping_block"
  },
  {
    "energy": 1280,
    "id": "minecraft:carpet"
  },
  {
    "energy": 1280,
    "id": "minecraft:carpet:2"
  },
  {
    "energy": 4000,
    "id": "rustic:olive_door"
  },
  {
    "energy": 2000,
    "id": "twilightforest:twilight_sapling:1"
  },
  {
    "energy": 6000,
    "id": "minecraft:boat"
  },
  {
    "energy": 6000,
    "id": "sky_orchards:log_bone"
  },
  {
    "energy": 6000,
    "id": "chisel:planks-spruce:7"
  },
  {
    "energy": 6000,
    "id": "chisel:planks-acacia:8"
  },
  {
    "energy": 6000,
    "id": "horsepower:chopping_block"
  },
  {
    "energy": 6000,
    "id": "totemic:wooden_pillar:13"
  },
  {
    "energy": 6000,
    "id": "horsepower:chopping_block"
  },
  {
    "energy": 6000,
    "id": "sky_orchards:log_petrified"
  },
  {
    "energy": 2000,
    "id": "minecraft:stick"
  },
  {
    "energy": 6000,
    "id": "malisisdoors:trapdoor_spruce"
  },
  {
    "energy": 6000,
    "id": "horsepower:chopping_block"
  },
  {
    "energy": 6000,
    "id": "totemic:totem_pole"
  },
  {
    "energy": 6000,
    "id": "sky_orchards:log_ardite"
  },
  {
    "energy": 6000,
    "id": "horsepower:chopping_block"
  },
  {
    "energy": 640000,
    "id": "chisel:block_coal_coke"
  },
  {
    "energy": 6000,
    "id": "bibliocraft:paintingframeflat:3"
  },
  {
    "energy": 320000,
    "id": "chisel:block_charcoal:4"
  },
  {
    "energy": 6000,
    "id": "slabmachines:chest_slab"
  },
  {
    "energy": 6000,
    "id": "malisisdoors:big_door_oak_3x:3"
  },
  {
    "energy": 6000,
    "id": "horsepower:chopping_block"
  },
  {
    "energy": 4000,
    "id": "malisisdoors:curtain_pink"
  },
  {
    "energy": 1280,
    "id": "minecraft:carpet:10"
  },
  {
    "energy": 6000,
    "id": "rustic:table_ironwood"
  },
  {
    "energy": 6000,
    "id": "twilightforest:tower_device:5"
  },
  {
    "energy": 6000,
    "id": "sky_orchards:log_nickel"
  },
  {
    "energy": 320000,
    "id": "chisel:block_coal:7"
  },
  {
    "energy": 6000,
    "id": "chisel:planks-dark-oak:9"
  },
  {
    "energy": 6000,
    "id": "totemic:totem_pole"
  },
  {
    "energy": 6000,
    "id": "cyclicmagic:block_screen"
  },
  {
    "energy": 6000,
    "id": "mekanism:slickplasticblock:2"
  },
  {
    "energy": 6000,
    "id": "tconstruct:firewood_slab:1"
  },
  {
    "energy": 6000,
    "id": "tconstruct:tooltables:1"
  },
  {
    "energy": 6000,
    "id": "minecraft:acacia_boat"
  },
  {
    "energy": 6000,
    "id": "chisel:planks-spruce:10"
  },
  {
    "energy": 6000,
    "id": "totemic:totem_pole"
  },
  {
    "energy": 640000,
    "id": "chisel:block_coal_coke:11"
  },
  {
    "energy": 6000,
    "id": "chisel:planks-birch:13"
  },
  {
    "energy": 640000,
    "id": "chisel:block_coal_coke:9"
  },
  {
    "energy": 6000,
    "id": "bibliocraft:case:2"
  },
  {
    "energy": 6000,
    "id": "twilightforest:tower_wood:3"
  },
  {
    "energy": 6000,
    "id": "astralsorcery:blockinfusedwood:1"
  },
  {
    "energy": 6000,
    "id": "fenceoverhaul:jungle_overhauledfence"
  },
  {
    "energy": 4000,
    "id": "malisisdoors:curtain_light_blue"
  },
  {
    "energy": 4000,
    "id": "malisisdoors:curtain_cyan"
  },
  {
    "energy": 6000,
    "id": "minecraft:banner:1"
  },
  {
    "energy": 6000,
    "id": "mekanism:roadplasticblock:11"
  },
  {
    "energy": 6000,
    "id": "bibliocraft:potionshelf:6"
  },
  {
    "energy": 2960,
    "id": "rustic:wildberry_bush"
  },
  {
    "energy": 6000,
    "id": "mekanism:reinforcedplasticblock:1"
  },
  {
    "energy": 6000,
    "id": "sonarcore:reinforceddirtbrickgate"
  },
  {
    "energy": 6000,
    "id": "minecraft:spruce_boat"
  },
  {
    "energy": 6000,
    "id": "bibliocraft:seat:4"
  },
  {
    "energy": 6000,
    "id": "chisel:planks-dark-oak:2"
  },
  {
    "energy": 6000,
    "id": "bibliocraft:clock:6"
  },
  {
    "energy": 6000,
    "id": "twilightforest:trans_gate"
  },
  {
    "energy": 6000,
    "id": "twilightforest:tower_wood:4"
  },
  {
    "energy": 6000,
    "id": "chisel:planks-spruce:6"
  },
  {
    "energy": 6000,
    "id": "mekanism:roadplasticblock:13"
  },
  {
    "energy": 6000,
    "id": "bibliocraft:potionshelf:4"
  },
  {
    "energy": 6000,
    "id": "tconstruct:wooden_hopper"
  },
  {
    "energy": 6000,
    "id": "horsepower:chopper"
  },
  {
    "energy": 6000,
    "id": "mekanism:plasticblock:14"
  },
  {
    "energy": 6000,
    "id": "horsepower:chopping_block"
  },
  {
    "energy": 6000,
    "id": "minecraft:banner"
  },
  {
    "energy": 6000,
    "id": "chineseworkshop:thatch_tile_ridge_roof_top"
  },
  {
    "energy": 6000,
    "id": "chisel:planks-birch:8"
  },
  {
    "energy": 6000,
    "id": "rustic:painted_wood_pink"
  },
  {
    "energy": 4000,
    "id": "pickletweaks:coal_piece:1"
  },
  {
    "energy": 6000,
    "id": "twilightforest:twilight_oak_fence"
  },
  {
    "energy": 6000,
    "id": "huntingdim:frame"
  },
  {
    "energy": 6000,
    "id": "astralsorcery:blockinfusedwood:6"
  },
  {
    "energy": 6000,
    "id": "chineseworkshop:thatch_roof_tile_edge_slab:1"
  },
  {
    "energy": 6000,
    "id": "cyclicmagic:fluid_placer"
  },
  {
    "energy": 6000,
    "id": "bibliocraft:case"
  },
  {
    "energy": 6000,
    "id": "mekanism:glowplasticblock:9"
  },
  {
    "energy": 6000,
    "id": "chisel:bookshelf_jungle:6"
  },
  {
    "energy": 6000,
    "id": "bibliocraft:paintingframemiddle:2"
  },
  {
    "energy": 6000,
    "id": "rustic:painted_wood_silver"
  },
  {
    "energy": 6000,
    "id": "horsepower:chopper"
  },
  {
    "energy": 16000,
    "id": "thermalfoundation:material:833"
  },
  {
    "energy": 6000,
    "id": "horsepower:chopping_block"
  },
  {
    "energy": 6000,
    "id": "chisel:planks-spruce"
  },
  {
    "energy": 192000,
    "id": "mysticalagriculture:coal:2"
  },
  {
    "energy": 6000,
    "id": "extendedcrafting:crafting_table"
  },
  {
    "energy": 6000,
    "id": "horsepower:chopper"
  },
  {
    "energy": 6000,
    "id": "chisel:planks-dark-oak:6"
  },
  {
    "energy": 6000,
    "id": "rustic:chair_jungle"
  },
  {
    "energy": 6000,
    "id": "chisel:planks-jungle:11"
  },
  {
    "energy": 320000,
    "id": "chisel:block_charcoal:18"
  },
  {
    "energy": 6000,
    "id": "inspirations:mulch:2"
  },
  {
    "energy": 2000,
    "id": "minecraft:vine"
  },
  {
    "energy": 2000,
    "id": "twilightforest:twilight_leaves"
  },
  {
    "energy": 6000,
    "id": "mekanism:slickplasticblock:6"
  },
  {
    "energy": 6000,
    "id": "chisel:planks-dark-oak:3"
  },
  {
    "energy": 320000,
    "id": "chisel:block_charcoal:1"
  },
  {
    "energy": 6000,
    "id": "huntingdim:frame"
  },
  {
    "energy": 6000,
    "id": "sky_orchards:log_gravel"
  },
  {
    "energy": 6000,
    "id": "chisel:bookshelf_jungle:3"
  },
  {
    "energy": 6000,
    "id": "huntingdim:frame"
  },
  {
    "energy": 6000,
    "id": "horsepower:chopper"
  },
  {
    "energy": 6000,
    "id": "chisel:planks-birch:7"
  },
  {
    "energy": 6000,
    "id": "twilightforest:twilight_log:3"
  },
  {
    "energy": 6000,
    "id": "mekanism:reinforcedplasticblock:5"
  },
  {
    "energy": 6000,
    "id": "horsepower:chopper"
  },
  {
    "energy": 6000,
    "id": "minecraft:spruce_stairs"
  },
  {
    "energy": 6000,
    "id": "malisisdoors:trapdoor_jungle"
  },
  {
    "energy": 6000,
    "id": "mekanism:plasticblock"
  },
  {
    "energy": 6000,
    "id": "bibliocraft:paintingframeflat:5"
  },
  {
    "energy": 6000,
    "id": "horsepower:chopper"
  },
  {
    "energy": 320000,
    "id": "chisel:block_charcoal:111"
  },
  {
    "energy": 6000,
    "id": "sky_orchards:log_clay"
  },
  {
    "energy": 2000,
    "id": "tconstruct:slime_sapling"
  },
  {
    "energy": 6000,
    "id": "horsepower:chopping_block"
  },
  {
    "energy": 6000,
    "id": "rustic:painted_wood_purple"
  },
  {
    "energy": 432000,
    "id": "mysticalagriculture:coal_block"
  },
  {
    "energy": 6000,
    "id": "minecraft:fence"
  },
  {
    "energy": 6000,
    "id": "horsepower:chopper"
  },
  {
    "energy": 640000,
    "id": "chisel:block_coal_coke:14"
  },
  {
    "energy": 6000,
    "id": "huntingdim:frame"
  },
  {
    "energy": 2000,
    "id": "minecraft:tallgrass:1"
  },
  {
    "energy": 6000,
    "id": "bibliocraft:typesettingtable"
  },
  {
    "energy": 640000,
    "id": "chisel:block_coal_coke:18"
  },
  {
    "energy": 6000,
    "id": "bibliocraft:bookcasecreative"
  },
  {
    "energy": 640000,
    "id": "chisel:block_coal_coke:2"
  },
  {
    "energy": 6000,
    "id": "huntingdim:frame"
  },
  {
    "energy": 6000,
    "id": "chisel:bookshelf_birch:7"
  },
  {
    "energy": 6000,
    "id": "malisisdoors:big_door_spruce_3x:3"
  },
  {
    "energy": 320000,
    "id": "chisel:block_charcoal:11"
  },
  {
    "energy": 6000,
    "id": "bibliocraft:fancyworkbench"
  },
  {
    "energy": 6000,
    "id": "horsepower:chopping_block"
  },
  {
    "energy": 6000,
    "id": "minecraft:banner:6"
  },
  {
    "energy": 6000,
    "id": "chisel:planks-acacia:12"
  },
  {
    "energy": 6000,
    "id": "horsepower:chopper"
  },
  {
    "energy": 6000,
    "id": "chisel:planks-birch:10"
  },
  {
    "energy": 6000,
    "id": "bibliocraft:fancyworkbench:4"
  },
  {
    "energy": 6000,
    "id": "enderutilities:floor:1"
  },
  {
    "energy": 6000,
    "id": "bibliocraft:bookcase:4"
  },
  {
    "energy": 6000,
    "id": "bibliocraft:fancysign"
  },
  {
    "energy": 6000,
    "id": "slabmachines:crafting_station_slab"
  },
  {
    "energy": 6912000,
    "id": "mysticalagriculture:coal_block:4"
  },
  {
    "energy": 6000,
    "id": "minecraft:jungle_door"
  },
  {
    "energy": 6000,
    "id": "minecraft:banner:9"
  },
  {
    "energy": 6000,
    "id": "bibliocraft:paintingframefancy:6"
  },
  {
    "energy": 640000,
    "id": "chisel:block_coal_coke:115"
  },
  {
    "energy": 6000,
    "id": "rustic:ironwood_slab_item"
  },
  {
    "energy": 2000,
    "id": "minecraft:wool:10"
  },
  {
    "energy": 6000,
    "id": "chisel:bookshelf_acacia"
  },
  {
    "energy": 6000,
    "id": "chisel:planks-birch:5"
  },
  {
    "energy": 6000,
    "id": "bibliocraft:label:4"
  },
  {
    "energy": 6000,
    "id": "totemic:wooden_pillar:11"
  },
  {
    "energy": 6000,
    "id": "chisel:planks-dark-oak:7"
  },
  {
    "energy": 6000,
    "id": "twilightforest:mangrove_fence"
  },
  {
    "energy": 2960,
    "id": "minecraft:wooden_slab"
  },
  {
    "energy": 6000,
    "id": "twilightforest:dark_stairs"
  },
  {
    "energy": 6000,
    "id": "huntingdim:frame"
  },
  {
    "energy": 6000,
    "id": "minecraft:jungle_fence"
  },
  {
    "energy": 6000,
    "id": "mystcraft:blockbookbinder"
  },
  {
    "energy": 6000,
    "id": "inspirations:bookshelf:2"
  },
  {
    "energy": 6000,
    "id": "horsepower:chopping_block"
  },
  {
    "energy": 640000,
    "id": "chisel:block_coal_coke:13"
  },
  {
    "energy": 640000,
    "id": "chisel:block_coal_coke:114"
  },
  {
    "energy": 4000,
    "id": "minecraft:wooden_hoe"
  },
  {
    "energy": 6000,
    "id": "chisel:planks-acacia:5"
  },
  {
    "energy": 6000,
    "id": "conarm:armorstation"
  },
  {
    "energy": 6000,
    "id": "chisel:bookshelf_acacia:7"
  },
  {
    "energy": 6000,
    "id": "twilightforest:time_stairs"
  },
  {
    "energy": 6000,
    "id": "malisisdoors:trapdoor_acacia"
  },
  {
    "energy": 6000,
    "id": "chineseworkshop:thatch_roof_tile_edge"
  },
  {
    "energy": 6000,
    "id": "twilightforest:trans_stairs"
  },
  {
    "energy": 320000,
    "id": "chisel:block_charcoal:113"
  },
  {
    "energy": 320000,
    "id": "chisel:block_coal:110"
  },
  {
    "energy": 6000,
    "id": "cyclicmagic:block_library"
  },
  {
    "energy": 4000,
    "id": "malisisdoors:shoji_door"
  },
  {
    "energy": 6000,
    "id": "minecraft:trapped_chest"
  },
  {
    "energy": 640000,
    "id": "chisel:block_coal_coke:5"
  },
  {
    "energy": 6000,
    "id": "chisel:planks-acacia:6"
  },
  {
    "energy": 6000,
    "id": "bibliocraft:clock:3"
  },
  {
    "energy": 6000,
    "id": "bibliocraft:mapframe:6"
  },
  {
    "energy": 6000,
    "id": "slabmachines:part_builder_slab"
  },
  {
    "energy": 6000,
    "id": "horsepower:chopper"
  },
  {
    "energy": 6000,
    "id": "sky_orchards:log_coal"
  },
  {
    "energy": 6000,
    "id": "sky_orchards:log_lapis"
  },
  {
    "energy": 6000,
    "id": "chisel:bookshelf_acacia:6"
  },
  {
    "energy": 6000,
    "id": "mekanism:plasticblock:12"
  },
  {
    "energy": 6000,
    "id": "chisel:planks-spruce:9"
  },
  {
    "energy": 6000,
    "id": "totemic:wooden_pillar:12"
  },
  {
    "energy": 6000,
    "id": "chisel:bookshelf_birch:4"
  },
  {
    "energy": 6000,
    "id": "chisel:bookshelf_jungle:9"
  },
  {
    "energy": 6000,
    "id": "minecraft:wooden_door"
  },
  {
    "energy": 4000,
    "id": "malisisdoors:curtain_purple"
  },
  {
    "energy": 6000,
    "id": "inspirations:carpeted_trapdoor_red"
  },
  {
    "energy": 6000,
    "id": "bibliocraft:paintingframesimple:2"
  },
  {
    "energy": 6000,
    "id": "torchmaster:mega_torch"
  },
  {
    "energy": 152000,
    "id": "projecte:fuel_block"
  },
  {
    "energy": 6000,
    "id": "sky_orchards:log_diamond"
  },
  {
    "energy": 6000,
    "id": "bibliocraft:fancyworkbench:3"
  },
  {
    "energy": 320000,
    "id": "chisel:block_charcoal:17"
  },
  {
    "energy": 6000,
    "id": "mekanism:glowplasticblock:12"
  },
  {
    "energy": 6000,
    "id": "mekanism:glowplasticblock:11"
  },
  {
    "energy": 6000,
    "id": "chisel:planks-acacia:11"
  },
  {
    "energy": 2000,
    "id": "twilightforest:twilight_leaves_:3"
  },
  {
    "energy": 6000,
    "id": "horsepower:chopping_block"
  },
  {
    "energy": 6000,
    "id": "chisel:bookshelf_jungle:2"
  },
  {
    "energy": 4000,
    "id": "chineseworkshop:window_door"
  },
  {
    "energy": 6000,
    "id": "chisel:bookshelf_darkoak:8"
  },
  {
    "energy": 6000,
    "id": "rustic:table_jungle"
  },
  {
    "energy": 6000,
    "id": "chineseworkshop:bracket_set"
  },
  {
    "energy": 2000,
    "id": "integrateddynamics:menril_sapling"
  },
  {
    "energy": 6000,
    "id": "chisel:planks-oak:10"
  },
  {
    "energy": 6000,
    "id": "bibliocraft:armorstand:4"
  },
  {
    "energy": 6000,
    "id": "bibliocraft:bookcasecreative:2"
  },
  {
    "energy": 6000,
    "id": "huntingdim:frame"
  },
  {
    "energy": 1280,
    "id": "minecraft:carpet:12"
  },
  {
    "energy": 6000,
    "id": "inspirations:carpeted_trapdoor_orange"
  },
  {
    "energy": 6000,
    "id": "chisel:planks-spruce:11"
  },
  {
    "energy": 6000,
    "id": "slabmachines:part_chest_slab"
  },
  {
    "energy": 6000,
    "id": "bibliocraft:paintingframeborderless:2"
  },
  {
    "energy": 6000,
    "id": "horsepower:chopper"
  },
  {
    "energy": 6000,
    "id": "minecraft:acacia_door"
  },
  {
    "energy": 1280,
    "id": "minecraft:carpet:8"
  },
  {
    "energy": 2000,
    "id": "twilightforest:magic_leaves:1"
  },
  {
    "energy": 4000,
    "id": "integrateddynamics:menril_door"
  },
  {
    "energy": 6000,
    "id": "minecraft:daylight_detector"
  },
  {
    "energy": 6000,
    "id": "twilightforest:twilight_log:1"
  },
  {
    "energy": 6000,
    "id": "bibliocraft:case:6"
  },
  {
    "energy": 6000,
    "id": "huntingdim:frame"
  },
  {
    "energy": 13824000,
    "id": "mysticalagradditions:storage:2"
  },
  {
    "energy": 6000,
    "id": "chisel:planks-jungle:12"
  },
  {
    "energy": 6000,
    "id": "twilightforest:mine_fence"
  },
  {
    "energy": 4000,
    "id": "rustic:ironwood_door"
  },
  {
    "energy": 6000,
    "id": "chisel:bookshelf_darkoak:9"
  },
  {
    "energy": 320000,
    "id": "chisel:block_charcoal:21"
  },
  {
    "energy": 6000,
    "id": "chisel:bookshelf_jungle:8"
  },
  {
    "energy": 6000,
    "id": "mekanism:slickplasticblock:12"
  },
  {
    "energy": 320000,
    "id": "chisel:block_charcoal:110"
  },
  {
    "energy": 6000,
    "id": "bibliocraft:bookcasecreative:1"
  },
  {
    "energy": 2000,
    "id": "minecraft:leaves:2"
  },
  {
    "energy": 6000,
    "id": "twilightforest:tower_wood:2"
  },
  {
    "energy": 350000000,
    "id": "extendedcrafting:singularity"
  },
  {
    "energy": 2000,
    "id": "sky_orchards:leaves_prosperity"
  },
  {
    "energy": 2000,
    "id": "sky_orchards:leaves_osmium"
  },
  {
    "energy": 2000,
    "id": "sky_orchards:leaves_ardite"
  },
  {
    "energy": 2000,
    "id": "sky_orchards:leaves_cobalt"
  },
  {
    "energy": 2000,
    "id": "sky_orchards:leaves_glowstone"
  },
  {
    "energy": 2000,
    "id": "sky_orchards:leaves_netherrack"
  },
  {
    "energy": 2000,
    "id": "sky_orchards:leaves_quartz"
  },
  {
    "energy": 2000,
    "id": "sky_orchards:leaves_emerald"
  },
  {
    "energy": 2000,
    "id": "sky_orchards:leaves_nickel"
  },
  {
    "energy": 2000,
    "id": "sky_orchards:leaves_silver"
  },
  {
    "energy": 2000,
    "id": "sky_orchards:leaves_aluminum"
  },
  {
    "energy": 2000,
    "id": "sky_orchards:leaves_tin"
  },
  {
    "energy": 2000,
    "id": "sky_orchards:leaves_lead"
  },
  {
    "energy": 2000,
    "id": "sky_orchards:leaves_copper"
  },
  {
    "energy": 2000,
    "id": "sky_orchards:leaves_donut"
  },
  {
    "energy": 2000,
    "id": "sky_orchards:leaves_bacon"
  },
  {
    "energy": 2000,
    "id": "sky_orchards:leaves_cookie"
  },
  {
    "energy": 2000,
    "id": "sky_orchards:leaves_bone"
  },
  {
    "energy": 2000,
    "id": "sky_orchards:leaves_diamond"
  },
  {
    "energy": 2000,
    "id": "sky_orchards:leaves_redstone"
  },
  {
    "energy": 2000,
    "id": "sky_orchards:leaves_lapis"
  },
  {
    "energy": 2000,
    "id": "sky_orchards:leaves_gold"
  },
  {
    "energy": 2000,
    "id": "sky_orchards:leaves_iron"
  },
  {
    "energy": 8000,
    "id": "sky_orchards:leaves_coal"
  },
  {
    "energy": 2000,
    "id": "sky_orchards:leaves_gravel"
  },
  {
    "energy": 2000,
    "id": "sky_orchards:leaves_sand"
  },
  {
    "energy": 2000,
    "id": "sky_orchards:leaves_clay"
  },
  {
    "energy": 2000,
    "id": "sky_orchards:leaves_petrified"
  },
  {
    "energy": 2000,
    "id": "sky_orchards:leaves_dirt"
  },
  {
    "energy": 2000,
    "id": "sky_orchards:leaves_cottonwood"
  },
  {
    "energy": 2000,
    "id": "sky_orchards:acorn_coal"
  }
]