{
  "placement": [
    {
      "blocks": [],
      "biomes": [],
      "dimensions": [],
      "tables": [
        "skygrid:ingots",
        "twilightforest:structures/stronghold_cache/stronghold_cache",
        "rotd:amethyst",
        "minecraft:entities/ocelot",
        "minecraft:entities/silverfish",
        "minecraft:entities/llama",
        "twilightforest:structures/labyrinth_room/labyrinth_room",
        "twilightforest:entities/death_tome_hurt",
        "twilightforest:entities/yeti",
        "twilightforest:structures/darktower_key/darktower_key",
        "twilightforest:entities/mini_ghast",
        "minecraft:chests/simple_dungeon",
        "twilightforest:entities/snow_guardian",
        "minecraft:entities/sheep/brown",
        "minecraft:entities/vex",
        "minecraft:entities/elder_guardian",
        "minecraft:entities/evocation_illager",
        "minecraft:entities/witch",
        "twilightforest:structures/labyrinth_dead_end/labyrinth_dead_end",
        "minecraft:chests/nether_bridge",
        "minecraft:entities/creeper",
        "minecraft:entities/skeleton_horse",
        "minecraft:entities/zombie_villager",
        "twilightforest:entities/ice_shooter",
        "minecraft:entities/sheep/red",
        "twilightforest:entities/questing_ram_rewards",
        "twilightforest:entities/fire_beetle",
        "twilightforest:entities/redcap",
        "thermalfoundation:entities/blizz",
        "minecraft:entities/horse",
        "twilightforest:entities/block_goblin",
        "deepmoblearning:glitch",
        "minecraft:entities/guardian",
        "minecraft:entities/slime",
        "minecraft:chests/abandoned_mineshaft",
        "twilightforest:entities/bunny",
        "minecraft:entities/ghast",
        "waddles:entities/penguin",
        "twilightforest:entities/wraith",
        "minecraft:entities/zombie",
        "twilightforest:structures/tree_cache/tree_cache",
        "rotd:garnet",
        "minecraft:entities/blaze",
        "minecraft:entities/sheep/silver",
        "minecraft:chests/jungle_temple",
        "minecraft:chests/desert_pyramid",
        "twilightforest:entities/ice_crystal",
        "waddles:empty",
        "minecraft:entities/sheep",
        "minecraft:entities/sheep/orange",
        "twilightforest:structures/stronghold_room/stronghold_room",
        "twilightforest:entities/snow_queen",
        "twilightforest:structures/hill_1/hill_1",
        "twilightforest:entities/minotaur",
        "twilightforest:entities/yeti_alpha",
        "minecraft:entities/sheep/lime",
        "minecraft:entities/mushroom_cow",
        "twilightforest:entities/naga",
        "twilightforest:structures/aurora_cache/aurora_cache",
        "minecraft:chests/stronghold_library",
        "twilightforest:structures/troll_vault/troll_vault",
        "minecraft:empty",
        "minecraft:entities/sheep/white",
        "minecraft:entities/sheep/cyan",
        "twilightforest:entities/raven",
        "minecraft:entities/chicken",
        "minecraft:entities/zombie_pigman",
        "minecraft:entities/cow",
        "astralsorcery:chest_shrine",
        "minecraft:entities/pig",
        "twilightforest:entities/giant_miner",
        "twilightforest:structures/tower_room/tower_room",
        "minecraft:chests/spawn_bonus_chest",
        "twilightforest:entities/skeleton_druid",
        "twilightforest:structures/aurora_room/aurora_room",
        "rotd:nether",
        "minecraft:entities/sheep/light_blue",
        "minecraft:chests/stronghold_corridor",
        "minecraft:entities/wolf",
        "minecraft:entities/skeleton",
        "rotd:jade",
        "twilightforest:structures/tower_library/tower_library",
        "minecraft:entities/enderman",
        "minecraft:entities/stray",
        "lostcities:chests/raildungeonchest",
        "minecraft:entities/sheep/magenta",
        "minecraft:entities/squid",
        "minecraft:entities/shulker",
        "twilightforest:entities/deer",
        "twilightforest:structures/troll_garden/troll_garden",
        "twilightforest:entities/troll",
        "deepmoblearning:loot_hoarder",
        "tconstruct:entities/blueslime",
        "minecraft:gameplay/fishing/treasure",
        "minecraft:entities/cave_spider",
        "minecraft:entities/sheep/green",
        "twilightforest:entities/tower_golem",
        "minecraft:entities/wither_skeleton",
        "twilightforest:structures/darktower_boss/darktower_boss",
        "minecraft:gameplay/fishing/fish",
        "minecraft:chests/igloo_chest",
        "twilightforest:entities/winter_wolf",
        "thermalfoundation:entities/basalz",
        "twilightforest:structures/hedge_maze/hedge_maze",
        "twilightforest:structures/basement/basement",
        "rotd:sapphire",
        "minecraft:entities/snowman",
        "minecraft:entities/sheep/blue",
        "minecraft:chests/stronghold_crossing",
        "minecraft:gameplay/fishing/junk",
        "minecraft:entities/donkey",
        "twilightforest:entities/tower_termite",
        "twilightforest:entities/goblin_knight",
        "rotd:ruby",
        "minecraft:entities/rabbit",
        "twilightforest:entities/helmet_crab",
        "twilightforest:entities/bird",
        "twilightforest:structures/hill_2/hill_2",
        "twilightforest:entities/slime_beetle",
        "rotd:ender",
        "twilightforest:entities/maze_slime",
        "minecraft:entities/villager",
        "minecraft:entities/spider",
        "minecraft:entities/polar_bear",
        "twilightforest:structures/hill_3/hill_3",
        "twilightforest:entities/ice_exploder",
        "lostcities:chests/lostcitychest",
        "minecraft:entities/ender_dragon",
        "twilightforest:entities/kobold",
        "minecraft:entities/zombie_horse",
        "minecraft:entities/parrot",
        "minecraft:entities/sheep/yellow",
        "minecraft:entities/sheep/black",
        "rotd:skeleton",
        "minecraft:chests/village_blacksmith",
        "twilightforest:structures/darktower_cache/darktower_cache",
        "minecraft:entities/sheep/gray",
        "twilightforest:entities/lich",
        "twilightforest:entities/hydra",
        "minecraft:chests/jungle_temple_dispenser",
        "minecraft:chests/woodland_mansion",
        "thermalfoundation:entities/blitz",
        "twilightforest:entities/minoshroom",
        "minecraft:entities/magma_cube",
        "twilightforest:structures/labyrinth_vault/labyrinth_vault",
        "mystcraft:mystcraft_treasure",
        "minecraft:entities/vindication_illager",
        "minecraft:entities/sheep/pink",
        "twilightforest:entities/death_tome",
        "minecraft:entities/mule",
        "minecraft:chests/end_city_treasure",
        "minecraft:entities/husk",
        "twilightforest:structures/aurora_boss/aurora_boss",
        "twilightforest:entities/armored_giant",
        "minecraft:entities/endermite",
        "minecraft:entities/sheep/purple",
        "minecraft:entities/bat",
        "minecraft:entities/giant",
        "twilightforest:structures/stronghold_boss/stronghold_boss",
        "minecraft:gameplay/fishing",
        "industrialforegoing:entities/pink_slime",
        "minecraft:entities/iron_golem"
      ]
    }
  ],
  "lootTables": [
    {
      "name": "skygrid:ingots",
      "minItems": 1,
      "maxItems": 3,
      "entries": [
        {
          "id": "minecraft:diamond",
          "minStack": 1,
          "maxStack": 8,
          "meta": 0,
          "weight": 1
        },
        {
          "id": "minecraft:gold_ingot",
          "minStack": 1,
          "maxStack": 8,
          "meta": 0,
          "weight": 2
        },
        {
          "id": "minecraft:iron_ingot",
          "minStack": 1,
          "maxStack": 8,
          "meta": 0,
          "weight": 3
        }
      ]
    }
  ]
}