{
  "type": "rustic:sapling_apple",
  "version": 2,
  "ref": {
    "a": {
      "name": "minecraft:log",
      "meta": 0
    },
    "b": {
      "name": "rustic:leaves_apple",
      "meta": 0
    },
    "c": {
      "name": "rustic:leaves_apple",
      "meta": 3
    },
    "d": {
      "name": "rustic:leaves_apple",
      "meta": 1
    }
  },
  "shape": [
    [
      "     ",
      "     ",
      " bbb ",
      " bbb ",
      "     ",
      "     ",
      "     "
    ],
    [
      "  c  ",
      "  c  ",
      "bbbcb",
      "bccbb",
      "     ",
      "     ",
      "     "
    ],
    [
      " bcc ",
      " bab ",
      "bcabb",
      "bcacb",
      "  a  ",
      "  a  ",
      "  a  "
    ],
    [
      "  c  ",
      " bcb ",
      "bbbcb",
      "bbccb",
      "     ",
      "     ",
      "     "
    ],
    [
      "     ",
      "     ",
      " bbd ",
      " bbb ",
      "     ",
      "     ",
      "     "
    ]
  ]
}
