{
  "type": "rustic:sapling_apple",
  "version": 2,
  "ref": {
    "a": {
      "name": "minecraft:log",
      "meta": 0
    },
    "b": {
      "name": "rustic:leaves_apple",
      "meta": 0
    },
    "c": {
      "name": "rustic:leaves_apple",
      "meta": 3
    }
  },
  "shape": [
    [
      "     ",
      "     ",
      "bbbbb",
      "bbbb ",
      "     ",
      "     ",
      "     "
    ],
    [
      "  c  ",
      "  c  ",
      "bcccb",
      "bccbb",
      "     ",
      "     ",
      "     "
    ],
    [
      " ccc ",
      " cac ",
      "bbacb",
      "bcabb",
      "  a  ",
      "  a  ",
      "  a  "
    ],
    [
      "  b  ",
      " ccc ",
      "bcccb",
      "bcbbb",
      "     ",
      "     ",
      "     "
    ],
    [
      "     ",
      "     ",
      "bbbb ",
      "bbbb ",
      "     ",
      "     ",
      "     "
    ]
  ]
}
