{
  "type": "sky_orchard:osmium",
  "version": 2,
  "ref": {
    "a": {
      "name": "sky_orchards:leaves_osmium",
      "meta": 8
    },
    "b": {
      "name": "sky_orchards:log_osmium",
      "meta": 0
    }
  },
  "shape": [
    [
      "     ",
      "     ",
      "aaaaa",
      " aaa ",
      "     ",
      "     ",
      "     "
    ],
    [
      "  a  ",
      " aaa ",
      "aaaaa",
      "aaaaa",
      "     ",
      "     ",
      "     "
    ],
    [
      " aaa ",
      " aba ",
      "aabaa",
      "aabaa",
      "  b  ",
      "  b  ",
      "  b  "
    ],
    [
      "  a  ",
      "  aa ",
      "aaaaa",
      "aaaaa",
      "     ",
      "     ",
      "     "
    ],
    [
      "     ",
      "     ",
      "aaaaa",
      " aaa ",
      "     ",
      "     ",
      "     "
    ]
  ]
}
